경찰청대분류,경찰청세분류,2022,2022,2022,2022,2022,2022,2022,2022,2022,2022,2022,2022,2022,2022,2022,2022,2022,2022,2022,2022,2022,2022,2022,2022,2022,2022,2022,2022,2022,2022,2022,2022,2022,2022,2022,2022,2022,2022,2022,2022,2022,2022,2022,2022,2022,2022,2022,2022,2022,2022,2022
경찰청대분류,경찰청세분류,차대사람,차대사람,차대사람,차대사람,차대사람,차대사람,차대사람,차대사람,차대사람,차대사람,차대사람,차대사람,차대사람,차대사람,차대사람,차대차,차대차,차대차,차대차,차대차,차대차,차대차,차대차,차대차,차대차,차대차,차대차,차대차,차대차,차대차,차량단독,차량단독,차량단독,차량단독,차량단독,차량단독,차량단독,차량단독,차량단독,차량단독,차량단독,차량단독,차량단독,차량단독,차량단독,차량단독,차량단독,차량단독,철길건널목,철길건널목,철길건널목
경찰청대분류,경찰청세분류,횡단중,횡단중,횡단중,차도통행중,차도통행중,차도통행중,길가장자리구역통행중,길가장자리구역통행중,길가장자리구역통행중,보도통행중,보도통행중,보도통행중,기타,기타,기타,정면충돌,정면충돌,정면충돌,측면충돌,측면충돌,측면충돌,추돌,추돌,추돌,기타,기타,기타,후진중충돌,후진중충돌,후진중충돌,공작물충돌,공작물충돌,공작물충돌,주/정차차량 충돌,주/정차차량 충돌,주/정차차량 충돌,도로이탈,도로이탈,도로이탈,기타,기타,기타,전도,전도,전도,전복,전복,전복,철길건널목,철길건널목,철길건널목
경찰청대분류,경찰청세분류,사고[건],사망[명],부상[명],사고[건],사망[명],부상[명],사고[건],사망[명],부상[명],사고[건],사망[명],부상[명],사고[건],사망[명],부상[명],사고[건],사망[명],부상[명],사고[건],사망[명],부상[명],사고[건],사망[명],부상[명],사고[건],사망[명],부상[명],사고[건],사망[명],부상[명],사고[건],사망[명],부상[명],사고[건],사망[명],부상[명],사고[건],사망[명],부상[명],사고[건],사망[명],부상[명],사고[건],사망[명],부상[명],사고[건],사망[명],부상[명],사고[건],사망[명],부상[명]
서울지방경찰청,서울중부,31,0,33,9,1,9,6,0,6,9,0,10,63,0,69,12,0,17,149,0,214,62,0,98,159,0,205,10,0,11,2,0,2,-,-,-,-,-,-,17,0,17,-,-,-,-,-,-,-,-,-
서울지방경찰청,서울남대문,34,0,36,10,0,10,2,0,2,14,0,14,46,1,46,7,0,12,177,0,235,48,0,71,51,0,64,2,0,2,1,0,1,-,-,-,-,-,-,8,0,9,2,0,2,-,-,-,-,-,-
서울지방경찰청,서울종로,43,0,45,24,0,24,5,0,6,20,0,22,43,0,45,10,0,24,204,0,308,81,0,149,60,0,78,10,0,11,6,1,8,-,-,-,-,-,-,14,0,14,3,0,3,-,-,-,-,-,-
서울지방경찰청,서울혜화,31,1,34,12,0,12,19,0,20,12,0,14,57,0,65,20,0,33,135,1,176,44,0,67,70,0,103,8,0,14,6,1,15,-,-,-,-,-,-,20,0,20,6,0,6,-,-,-,-,-,-
서울지방경찰청,서울서대문,95,1,98,33,0,34,11,0,11,20,1,19,93,1,95,25,0,40,319,1,480,131,1,220,151,0,190,14,0,17,10,0,10,-,-,-,-,-,-,43,0,45,6,0,7,1,0,1,-,-,-
서울지방경찰청,서울서부,53,1,54,28,1,27,1,0,1,8,0,8,40,0,44,23,1,29,168,0,245,49,0,108,47,1,66,15,0,16,1,0,1,-,-,-,-,-,-,12,1,11,2,0,2,1,1,0,-,-,-
서울지방경찰청,서울용산,76,3,75,15,0,16,9,0,9,14,0,17,106,2,117,30,0,43,219,0,302,153,1,245,364,2,497,25,0,33,3,0,3,1,1,0,-,-,-,19,0,20,7,2,5,-,-,-,-,-,-
서울지방경찰청,서울성북,59,0,62,10,0,10,4,0,4,16,0,16,81,0,85,21,0,27,164,1,223,92,0,153,222,1,289,14,0,15,1,0,1,-,-,-,-,-,-,26,0,27,-,-,-,-,-,-,-,-,-
서울지방경찰청,서울강북,91,3,92,27,0,27,24,1,24,15,0,16,167,2,172,30,0,45,317,0,422,125,0,180,199,0,237,23,0,26,1,0,1,-,-,-,-,-,-,42,0,45,5,0,5,-,-,-,-,-,-
서울지방경찰청,서울동대문,128,0,137,52,1,52,14,0,14,34,1,35,189,0,199,24,0,36,403,2,519,177,0,257,433,2,502,10,0,11,9,1,10,-,-,-,-,-,-,33,2,33,6,2,4,1,1,0,-,-,-
서울지방경찰청,서울광진,46,3,45,9,1,8,7,0,7,11,0,13,94,2,101,26,0,58,229,0,334,121,1,185,160,2,209,2,0,2,2,0,3,-,-,-,-,-,-,11,0,12,1,0,1,-,-,-,-,-,-
서울지방경찰청,서울마포,75,5,75,27,1,29,12,0,12,24,0,25,103,1,109,19,0,29,319,1,506,237,0,414,256,1,330,12,0,15,4,0,5,-,-,-,-,-,-,13,0,13,2,1,1,-,-,-,-,-,-
서울지방경찰청,서울영등포,115,3,117,49,1,50,33,0,33,38,0,41,146,2,151,49,3,78,670,2,954,317,1,497,450,2,610,42,0,52,13,3,16,-,-,-,-,-,-,47,1,49,8,2,7,-,-,-,-,-,-
서울지방경찰청,서울금천,49,0,52,1,0,1,2,0,2,7,1,6,148,4,146,20,1,34,114,0,168,97,0,198,351,2,478,4,0,4,1,0,1,-,-,-,-,-,-,32,1,35,-,-,-,-,-,-,-,-,-
서울지방경찰청,서울성동,79,1,82,27,0,28,16,0,16,19,0,19,70,2,71,27,0,48,286,1,371,159,1,261,225,3,283,13,0,22,6,0,10,-,-,-,-,-,-,16,0,18,1,0,1,-,-,-,-,-,-
서울지방경찰청,서울동작,67,1,69,33,4,29,19,0,19,23,0,25,160,0,167,31,0,44,407,1,605,164,0,261,240,0,349,15,0,21,13,1,16,-,-,-,-,-,-,39,0,41,2,0,2,-,-,-,-,-,-
서울지방경찰청,서울중랑,117,4,118,18,0,19,27,0,27,25,0,25,166,2,173,47,0,68,418,1,637,191,1,319,320,1,420,27,0,35,6,0,7,1,0,1,1,0,1,27,0,28,5,0,5,-,-,-,-,-,-
서울지방경찰청,서울관악,75,5,75,41,0,42,14,0,14,23,0,24,135,2,147,48,0,84,346,1,485,151,0,239,295,1,376,33,0,43,4,0,4,-,-,-,-,-,-,34,0,39,3,0,3,-,-,-,-,-,-
서울지방경찰청,서울강남,64,0,65,19,0,19,38,0,38,35,0,35,277,2,281,27,0,43,532,2,746,461,0,706,670,3,931,57,0,76,4,0,5,-,-,-,-,-,-,24,0,28,2,0,3,-,-,-,-,-,-
서울지방경찰청,서울강서,122,3,124,26,0,27,20,1,22,30,0,31,188,5,201,34,1,50,413,0,594,257,0,397,420,2,548,35,0,49,6,1,7,-,-,-,-,-,-,32,0,37,4,1,3,-,-,-,-,-,-
서울지방경찰청,서울강동,91,1,91,15,0,15,9,0,9,27,0,27,120,2,123,41,0,57,360,1,494,149,0,257,223,1,291,17,0,21,2,2,1,-,-,-,1,0,1,19,0,25,-,-,-,-,-,-,-,-,-
서울지방경찰청,서울송파,160,2,174,58,1,60,30,0,31,59,0,63,213,1,221,70,0,92,796,1,"1,199",416,0,706,680,1,926,29,0,41,9,1,9,-,-,-,-,-,-,33,0,34,8,2,6,-,-,-,-,-,-
서울지방경찰청,서울종암,46,2,45,30,1,29,5,0,7,10,0,10,32,0,32,10,0,16,254,1,347,103,0,144,74,1,86,7,0,9,3,0,4,-,-,-,-,-,-,13,0,14,2,0,2,-,-,-,-,-,-
서울지방경찰청,서울구로,81,1,85,18,1,17,22,0,22,34,0,38,133,1,138,44,1,67,381,3,545,144,0,228,343,1,464,16,0,22,10,2,10,-,-,-,-,-,-,33,2,34,2,0,3,-,-,-,-,-,-
서울지방경찰청,서울서초,92,1,97,54,1,57,20,0,21,17,0,17,153,1,157,22,0,50,507,1,772,287,0,467,458,2,692,33,0,36,7,0,12,-,-,-,-,-,-,23,1,25,1,0,1,-,-,-,-,-,-
서울지방경찰청,서울양천,77,3,77,13,1,12,7,0,8,14,0,14,150,3,152,18,0,27,281,0,412,147,0,223,407,1,542,27,0,30,7,0,7,-,-,-,-,-,-,19,0,19,1,0,1,1,0,1,-,-,-
서울지방경찰청,서울노원,113,1,121,35,1,35,9,0,10,28,0,28,125,0,130,28,0,53,446,1,652,225,0,394,308,1,398,23,0,29,13,2,16,-,-,-,-,-,-,29,0,32,1,0,1,1,0,4,-,-,-
서울지방경찰청,서울도봉,68,1,76,9,0,11,13,0,13,13,0,17,57,1,60,28,0,43,161,0,218,73,0,131,70,0,97,9,0,17,3,0,4,-,-,-,-,-,-,16,0,16,1,0,1,-,-,-,-,-,-
서울지방경찰청,서울은평,42,0,43,13,0,13,14,0,14,9,0,9,65,1,68,10,0,16,95,0,149,57,0,96,140,1,209,12,0,13,1,0,1,-,-,-,-,-,-,10,0,10,4,1,3,-,-,-,-,-,-
서울지방경찰청,서울방배,27,1,27,8,0,8,7,0,7,12,0,13,37,0,39,12,0,22,205,0,330,89,0,144,60,0,98,11,0,20,1,0,1,-,-,-,-,-,-,7,0,9,-,-,-,-,-,-,-,-,-
서울지방경찰청,서울수서,89,4,91,21,0,21,32,0,32,26,0,28,174,1,180,33,0,74,329,1,496,225,1,354,560,2,802,18,0,23,5,0,8,-,-,-,-,-,-,24,0,24,1,0,1,1,0,4,-,-,-
부산지방경찰청,부산중부,43,1,44,20,0,20,4,0,4,9,0,10,40,1,40,13,0,19,146,1,230,32,0,41,41,0,53,2,0,3,3,0,3,-,-,-,-,-,-,13,0,22,1,0,1,-,-,-,-,-,-
부산지방경찰청,부산동부,51,1,55,36,1,37,6,0,7,16,0,16,35,0,35,11,0,13,196,1,314,75,1,125,85,0,168,6,0,7,3,0,3,-,-,-,-,-,-,15,0,15,-,-,-,-,-,-,-,-,-
부산지방경찰청,부산서부,44,1,44,14,0,14,3,1,2,5,0,5,37,1,45,12,0,24,181,0,272,57,1,113,64,0,96,6,0,9,6,0,8,-,-,-,-,-,-,10,0,10,1,0,1,-,-,-,-,-,-
부산지방경찰청,부산남부,94,4,95,34,0,37,39,0,40,29,3,27,142,0,144,33,0,49,339,1,465,183,0,286,316,2,430,10,0,15,10,0,11,-,-,-,-,-,-,24,1,24,5,1,4,-,-,-,-,-,-
부산지방경찰청,부산북부,34,0,34,8,0,8,3,0,3,1,0,1,64,2,65,5,0,6,68,0,103,66,0,117,185,2,251,5,0,8,1,0,1,-,-,-,-,-,-,7,0,7,-,-,-,-,-,-,-,-,-
부산지방경찰청,부산동래,117,2,116,38,1,38,6,0,6,11,0,12,61,0,62,15,0,29,273,1,368,105,0,163,155,1,206,17,0,23,10,2,12,-,-,-,-,-,-,13,0,20,1,0,1,-,-,-,-,-,-
부산지방경찰청,부산영도,29,0,31,11,0,11,2,0,2,9,0,11,50,1,52,8,0,12,67,1,92,49,0,91,49,0,77,9,0,12,-,-,-,-,-,-,1,0,1,11,0,11,4,0,4,-,-,-,-,-,-
부산지방경찰청,부산해운대,70,1,70,16,1,16,8,1,8,19,0,19,79,0,83,27,0,37,232,0,337,145,0,243,181,3,281,14,0,21,10,0,12,-,-,-,-,-,-,6,0,7,5,0,7,-,-,-,1,0,3
부산지방경찰청,부산부산진,152,2,163,34,0,34,24,0,26,8,0,8,187,1,195,31,0,41,403,0,593,220,2,381,416,3,609,10,0,13,11,2,13,-,-,-,1,0,2,31,0,34,7,0,8,-,-,-,-,-,-
부산지방경찰청,부산금정,86,0,92,25,1,25,16,2,14,8,0,8,111,1,114,16,0,23,223,1,330,96,1,159,180,1,256,7,1,7,9,2,9,-,-,-,-,-,-,14,1,17,2,0,3,-,-,-,-,-,-
부산지방경찰청,부산사하,66,1,69,19,0,20,12,0,12,11,0,11,86,1,98,27,0,34,200,0,273,172,1,288,274,2,350,12,0,14,5,2,5,-,-,-,-,-,-,26,0,27,5,0,6,-,-,-,-,-,-
부산지방경찰청,부산연제,61,2,62,14,1,13,13,0,13,10,0,11,100,1,104,12,0,17,200,0,265,123,1,187,266,0,382,5,0,8,2,0,2,-,-,-,1,0,1,12,0,12,-,-,-,-,-,-,-,-,-
부산지방경찰청,부산강서,25,0,25,7,1,7,3,0,4,4,0,4,20,2,18,19,0,23,266,4,366,155,3,300,192,1,254,7,0,9,14,4,13,-,-,-,1,0,2,7,1,6,-,-,-,-,-,-,-,-,-
부산지방경찰청,부산사상,61,3,64,22,0,23,9,0,9,18,1,21,45,0,46,29,0,34,194,3,266,107,1,140,70,1,87,2,0,3,6,0,7,-,-,-,-,-,-,8,1,7,-,-,-,-,-,-,-,-,-
부산지방경찰청,부산기장,39,3,39,4,0,4,3,0,3,5,0,6,43,1,44,17,0,39,76,1,104,105,0,197,140,3,204,4,0,6,3,1,2,-,-,-,-,-,-,2,0,4,-,-,-,-,-,-,-,-,-
부산지방경찰청,8지구대,-,-,-,-,-,-,-,-,-,-,-,-,2,0,3,1,0,5,90,1,162,119,1,300,136,2,239,-,-,-,7,5,6,-,-,-,-,-,-,2,0,2,-,-,-,1,0,1,-,-,-
대구지방경찰청,대구남부,34,1,34,11,0,11,1,0,1,11,0,11,59,0,68,16,0,23,223,0,314,92,0,161,138,0,202,15,0,20,7,1,19,-,-,-,-,-,-,8,0,10,2,0,2,-,-,-,-,-,-
대구지방경찰청,대구동부,102,3,104,28,0,28,25,0,26,26,0,26,89,1,94,63,0,112,671,1,992,193,0,328,180,0,262,41,0,58,23,2,26,1,1,0,3,0,3,17,0,19,16,0,16,1,0,1,-,-,-
대구지방경찰청,대구수성,135,1,140,31,0,31,19,0,19,29,0,31,136,0,141,31,0,50,721,0,"1,107",350,1,592,479,0,701,37,0,48,11,3,9,1,1,0,-,-,-,26,0,29,4,0,4,3,1,2,-,-,-
대구지방경찰청,대구달서,129,2,132,29,0,29,19,0,20,17,0,17,75,1,76,19,1,26,662,1,"1,005",180,1,285,186,0,247,28,0,37,14,0,15,-,-,-,1,0,1,14,0,15,1,0,1,-,-,-,-,-,-
대구지방경찰청,대구달성,44,0,46,6,0,6,5,0,5,15,1,17,59,1,61,25,2,41,136,2,213,85,1,129,390,2,579,12,0,17,16,0,19,-,-,-,1,0,1,8,0,8,6,0,6,1,0,2,-,-,-
대구지방경찰청,대구북부,64,2,64,14,0,14,5,0,5,13,1,13,72,1,74,38,1,46,368,1,500,154,0,262,186,0,238,11,0,11,7,0,8,-,-,-,-,-,-,13,0,13,6,1,5,-,-,-,-,-,-
대구지방경찰청,대구서부,42,1,43,34,1,33,16,0,16,16,0,16,67,1,69,33,0,54,429,0,625,151,1,269,111,2,144,14,0,24,6,0,6,-,-,-,-,-,-,21,0,23,7,0,7,2,0,2,-,-,-
대구지방경찰청,대구중부,44,1,46,33,0,35,32,0,33,9,0,11,111,0,121,8,1,10,226,0,363,83,0,143,132,0,213,11,0,14,3,0,4,-,-,-,-,-,-,20,1,21,2,0,2,-,-,-,-,-,-
대구지방경찰청,대구성서,94,3,93,23,0,25,17,0,17,26,0,26,96,3,100,35,0,56,425,1,648,153,1,251,271,1,340,29,0,42,7,1,6,-,-,-,-,-,-,11,0,13,3,0,3,-,-,-,-,-,-
대구지방경찰청,대구강북,66,4,67,23,1,23,10,0,10,29,0,29,8,0,8,14,0,22,533,1,833,127,0,232,27,0,30,11,0,15,17,1,18,-,-,-,-,-,-,7,1,6,8,0,8,1,0,1,-,-,-
인천지방경찰청,인천중부,55,4,51,21,1,24,10,1,9,4,0,4,30,0,32,33,0,53,232,2,368,112,2,165,39,0,69,14,0,20,11,2,13,-,-,-,5,1,4,5,0,5,2,0,2,-,-,-,-,-,-
인천지방경찰청,인천미추홀,111,3,112,32,2,30,5,0,5,15,0,16,135,1,146,67,1,102,455,5,648,209,2,344,144,0,172,47,0,60,3,0,3,1,0,1,-,-,-,11,0,14,3,0,3,-,-,-,-,-,-
인천지방경찰청,인천부평,40,6,35,23,0,25,6,0,6,14,1,13,54,2,55,17,0,21,289,1,379,100,0,154,105,0,147,19,0,25,5,0,6,-,-,-,-,-,-,14,0,14,2,0,2,-,-,-,-,-,-
인천지방경찰청,인천남동,57,1,58,27,1,27,19,0,19,12,0,12,59,0,64,29,0,57,259,0,402,166,0,260,81,0,105,40,0,64,2,1,1,-,-,-,-,-,-,17,0,17,1,1,0,-,-,-,-,-,-
인천지방경찰청,인천서부,100,3,102,41,1,40,15,0,15,19,0,20,115,2,124,67,5,115,443,1,649,305,3,467,372,1,526,47,0,63,8,0,9,-,-,-,-,-,-,25,0,28,2,1,1,-,-,-,-,-,-
인천지방경찰청,인천계양,32,4,34,13,0,13,4,0,4,19,0,19,33,0,34,22,2,34,204,0,289,85,0,128,73,0,98,20,0,32,3,0,3,-,-,-,-,-,-,11,0,14,-,-,-,-,-,-,-,-,-
인천지방경찰청,인천강화,10,0,10,3,0,3,4,0,4,2,1,1,12,1,14,16,0,21,100,3,152,26,2,36,13,1,18,6,0,7,5,2,6,-,-,-,-,-,-,-,-,-,1,0,1,-,-,-,-,-,-
인천지방경찰청,인천연수,32,0,34,23,0,24,12,0,14,8,0,9,20,0,21,20,1,26,304,1,432,143,1,212,48,0,54,12,0,16,11,1,11,-,-,-,-,-,-,6,0,7,1,1,0,-,-,-,-,-,-
인천지방경찰청,인천삼산,42,0,44,18,0,19,26,1,25,13,0,17,88,1,90,26,0,35,96,0,117,43,0,50,87,0,115,14,0,15,-,-,-,-,-,-,-,-,-,7,0,7,-,-,-,-,-,-,-,-,-
인천지방경찰청,인천논현,58,2,59,6,0,6,11,0,13,7,0,8,15,0,15,37,4,49,402,2,587,140,2,218,21,0,25,11,0,12,6,0,7,-,-,-,-,-,-,7,0,7,1,0,1,-,-,-,-,-,-
인천지방경찰청,11지구대,1,1,0,-,-,-,-,-,-,-,-,-,3,1,2,8,1,11,310,1,495,296,8,574,98,1,166,3,0,4,7,0,12,-,-,-,-,-,-,1,0,1,-,-,-,-,-,-,-,-,-
광주지방경찰청,광주동부,39,3,38,6,0,6,6,0,6,8,1,9,90,0,97,10,0,24,129,0,199,79,0,172,174,2,247,8,0,11,3,0,3,-,-,-,-,-,-,21,0,21,-,-,-,-,-,-,-,-,-
광주지방경찰청,광주서부,98,4,102,24,1,25,9,0,9,8,0,8,121,0,125,28,1,52,518,2,839,298,0,555,508,3,786,34,0,45,12,0,18,-,-,-,1,0,1,31,0,35,4,0,4,-,-,-,-,-,-
광주지방경찰청,광주남부,59,0,59,11,0,11,4,0,4,5,0,5,53,1,52,13,0,19,216,1,316,97,0,166,178,1,255,12,0,15,5,0,5,-,-,-,-,-,-,5,0,5,1,0,1,-,-,-,-,-,-
광주지방경찰청,광주북부,142,5,145,38,1,39,14,1,13,16,0,18,185,1,188,65,0,105,670,2,"1,124",330,1,592,524,3,796,40,0,54,17,0,25,1,0,2,2,1,2,32,1,34,4,1,3,-,-,-,-,-,-
광주지방경찰청,광주광산,126,2,141,19,1,20,5,0,5,24,1,23,126,3,128,57,1,131,877,7,"1,384",313,2,567,406,1,601,55,0,76,24,0,34,-,-,-,-,-,-,33,1,36,4,1,3,1,0,1,-,-,-
대전지방경찰청,대전중부,58,2,59,23,0,24,13,0,13,23,0,24,110,1,112,18,0,24,254,0,405,96,0,169,361,0,561,22,0,30,1,0,3,1,0,1,-,-,-,41,0,41,-,-,-,1,1,0,-,-,-
대전지방경찰청,대전동부,106,5,110,15,1,14,10,0,10,10,0,11,61,0,63,23,0,33,349,4,538,117,0,213,198,2,291,29,0,42,2,1,2,-,-,-,1,0,1,16,0,18,1,0,1,-,-,-,-,-,-
대전지방경찰청,대전서부,50,1,49,11,0,11,9,0,9,16,0,17,101,1,106,18,1,22,260,1,426,137,0,234,391,1,575,23,0,30,3,0,3,1,0,1,-,-,-,14,0,15,1,0,1,-,-,-,-,-,-
대전지방경찰청,대전대덕,54,0,56,18,0,18,8,0,8,6,0,6,64,1,64,13,0,13,288,1,436,137,2,251,269,3,377,20,0,23,7,1,6,2,0,2,-,-,-,11,1,13,2,0,2,-,-,-,-,-,-
대전지방경찰청,대전둔산,62,1,65,18,0,18,45,0,45,15,0,15,142,1,149,22,0,42,262,0,392,152,0,235,481,0,707,34,0,40,2,0,2,-,-,-,-,-,-,28,2,28,-,-,-,1,0,2,-,-,-
대전지방경찰청,대전유성,68,2,66,10,0,10,4,0,4,10,0,11,108,2,110,26,1,48,456,2,713,220,1,358,645,2,993,31,0,40,11,1,16,-,-,-,1,0,2,20,1,20,1,0,1,-,-,-,-,-,-
울산지방경찰청,울산중부,66,3,70,21,0,23,1,0,1,6,0,8,50,0,53,14,0,22,241,1,363,71,0,133,106,0,168,6,0,10,5,0,9,-,-,-,-,-,-,8,0,8,3,0,3,-,-,-,-,-,-
울산지방경찰청,울산남부,108,0,116,29,2,29,39,0,40,23,0,26,51,2,53,73,0,102,460,1,623,166,0,267,103,0,124,15,0,17,8,0,8,-,-,-,-,-,-,15,0,15,2,0,2,1,0,1,-,-,-
울산지방경찰청,울산동부,55,1,59,25,0,26,16,0,16,13,0,13,22,0,24,22,0,31,176,1,230,84,0,118,61,0,72,7,0,12,4,0,4,1,0,1,1,0,1,6,0,6,9,0,10,-,-,-,-,-,-
울산지방경찰청,울산울주,40,1,41,13,1,13,8,0,8,7,0,7,45,0,45,65,0,106,225,1,346,119,1,240,45,0,52,5,0,10,38,3,48,-,-,-,2,1,1,9,1,8,4,0,4,1,0,2,-,-,-
울산지방경찰청,울산북부,57,0,60,15,0,17,6,0,6,14,0,16,22,1,21,29,0,51,371,1,592,171,6,338,66,0,90,10,0,10,16,0,22,1,0,1,3,1,2,8,0,10,14,1,13,1,0,1,-,-,-
세종지방경찰청,세종북부,14,0,14,7,1,6,1,0,1,3,0,4,21,0,23,12,0,19,64,2,86,39,0,77,61,0,84,4,0,4,3,1,2,1,0,2,1,1,0,1,0,1,1,0,1,1,0,1,-,-,-
세종지방경찰청,세종남부,46,2,50,5,0,5,2,0,2,20,0,22,48,1,54,24,0,36,266,3,400,102,1,183,137,1,197,11,0,12,12,2,15,-,-,-,2,1,1,11,1,10,6,0,6,1,0,3,-,-,-
경기남부지방경찰청,수원중부,79,2,84,26,1,26,48,0,48,15,0,17,215,1,222,57,0,90,237,1,346,220,0,370,601,1,836,27,0,38,11,2,13,-,-,-,1,0,1,56,0,61,5,0,5,-,-,-,-,-,-
경기남부지방경찰청,성남수정,56,1,56,11,0,11,10,0,10,14,0,14,118,0,123,23,0,37,206,1,291,124,0,196,346,0,477,22,0,24,6,2,4,-,-,-,-,-,-,31,1,33,1,0,1,-,-,-,-,-,-
경기남부지방경찰청,평택,166,9,176,49,2,47,10,0,10,53,0,60,278,4,282,149,2,270,"1,123",11,"1,733",510,5,890,861,6,"1,277",76,0,106,40,6,41,2,0,2,8,1,7,30,2,30,23,1,23,3,0,3,-,-,-
경기남부지방경찰청,안성,56,1,57,9,0,10,7,0,7,4,0,5,59,2,62,53,2,97,221,1,379,123,1,240,231,1,366,11,0,12,12,1,13,1,0,1,2,0,5,13,0,14,5,3,3,3,0,3,-,-,-
경기남부지방경찰청,안양동안,33,0,36,18,1,17,2,0,3,12,1,12,66,1,66,19,0,34,170,1,229,66,1,96,257,4,398,12,0,15,3,0,4,-,-,-,-,-,-,36,0,37,2,0,2,-,-,-,-,-,-
경기남부지방경찰청,이천,63,1,68,7,0,7,8,1,7,3,0,3,80,4,79,64,1,94,315,1,446,153,2,309,234,1,347,13,0,15,11,1,10,-,-,-,2,1,1,7,1,7,7,0,7,-,-,-,-,-,-
경기남부지방경찰청,광주,105,2,107,42,1,41,12,0,12,23,0,23,160,2,162,83,1,127,612,1,931,445,1,823,487,2,678,60,0,90,31,1,37,-,-,-,6,1,6,36,0,39,6,0,6,-,-,-,-,-,-
경기남부지방경찰청,여주,17,0,17,12,0,12,5,1,4,4,0,4,33,1,35,28,0,42,154,2,267,86,1,165,106,0,157,12,0,14,19,2,21,1,1,0,3,1,2,13,2,11,7,0,11,-,-,-,-,-,-
경기남부지방경찰청,용인동부,123,4,128,28,2,26,6,0,6,28,1,28,108,1,111,122,1,210,680,3,"1,060",419,2,730,513,1,720,42,0,63,21,2,26,-,-,-,1,0,1,35,1,40,3,0,3,1,0,2,-,-,-
경기남부지방경찰청,김포,78,0,81,31,1,32,5,0,5,20,0,21,104,0,109,47,1,78,362,0,557,352,1,631,788,4,"1,230",38,0,46,21,2,22,-,-,-,2,0,2,48,1,54,9,1,8,1,0,1,-,-,-
경기남부지방경찰청,양평,30,1,29,11,3,9,8,2,6,6,0,6,31,0,31,19,0,37,127,0,190,81,2,152,127,0,189,2,0,2,7,2,9,-,-,-,3,1,4,9,3,6,2,0,2,-,-,-,-,-,-
경기남부지방경찰청,부천소사,50,4,48,37,0,37,8,0,8,13,0,13,83,1,88,15,0,21,143,0,208,77,0,140,217,1,298,6,0,7,4,1,4,-,-,-,-,-,-,40,0,40,2,0,3,-,-,-,-,-,-
경기남부지방경찰청,오산,69,1,72,13,0,13,3,0,3,10,0,11,56,0,58,49,0,77,404,0,582,117,1,187,152,2,208,20,0,24,14,2,16,-,-,-,2,0,2,7,1,7,7,1,6,-,-,-,-,-,-
경기남부지방경찰청,부천원미,83,1,90,59,0,61,30,1,29,40,0,41,173,2,176,31,0,44,572,1,792,348,1,581,601,2,831,34,0,48,8,1,8,-,-,-,1,0,1,38,0,39,-,-,-,-,-,-,-,-,-
경기남부지방경찰청,광명,61,2,65,18,1,19,8,0,9,15,0,20,63,1,66,25,1,50,315,3,480,106,1,153,239,1,314,18,0,25,4,0,4,1,0,1,-,-,-,48,0,50,3,0,3,-,-,-,-,-,-
경기남부지방경찰청,안산단원,91,2,98,38,1,37,7,0,7,21,0,24,121,2,127,77,0,133,576,1,873,229,1,383,767,3,"1,162",44,0,61,17,0,19,-,-,-,1,0,1,30,3,31,9,0,9,-,-,-,-,-,-
경기남부지방경찰청,과천,10,1,9,1,0,1,3,0,3,1,0,1,8,0,8,9,0,16,79,0,125,49,0,114,25,0,49,10,0,14,4,2,4,-,-,-,-,-,-,6,0,8,2,1,1,-,-,-,-,-,-
경기남부지방경찰청,수원남부,120,3,122,58,1,60,23,0,27,20,0,20,105,0,113,39,3,57,850,2,"1,251",286,0,489,237,0,315,34,0,40,6,1,5,-,-,-,-,-,-,20,0,26,2,0,2,-,-,-,-,-,-
경기남부지방경찰청,군포,65,4,65,24,1,23,16,0,16,8,0,9,37,1,52,13,0,38,196,1,292,61,0,128,85,0,111,9,0,10,2,0,2,-,-,-,-,-,-,27,0,28,4,0,4,-,-,-,-,-,-
경기남부지방경찰청,성남중원,48,2,50,11,0,11,21,1,20,8,0,8,130,2,131,15,1,28,239,3,334,135,1,238,222,0,294,13,0,16,5,0,6,-,-,-,-,-,-,19,0,19,-,-,-,1,0,1,-,-,-
경기남부지방경찰청,분당,94,3,97,5,0,5,4,0,5,14,0,17,148,2,159,20,0,41,193,1,298,147,1,255,885,3,"1,256",8,0,8,3,0,3,-,-,-,1,0,2,43,2,50,2,0,2,1,0,1,-,-,-
경기남부지방경찰청,시흥,115,5,119,29,1,29,3,0,3,15,0,16,152,1,155,147,0,247,829,2,"1,300",275,1,475,556,4,821,41,0,50,40,3,46,-,-,-,1,0,1,27,1,26,7,2,5,-,-,-,-,-,-
경기남부지방경찰청,안산상록,77,0,84,41,0,41,2,0,2,16,0,17,108,0,112,40,1,73,448,0,669,232,2,397,520,1,753,29,0,36,8,1,7,1,0,1,-,-,-,19,0,22,9,0,9,1,1,0,-,-,-
경기남부지방경찰청,수원서부,50,0,52,17,0,18,2,0,2,24,0,25,116,2,118,35,0,59,269,1,410,279,1,482,388,1,529,20,0,33,9,1,10,-,-,-,1,0,1,24,0,27,3,0,4,-,-,-,-,-,-
경기남부지방경찰청,1지구대,4,3,1,-,-,-,-,-,-,-,-,-,16,1,17,1,0,1,272,0,489,487,24,"1,305",588,12,"1,286",9,0,17,8,3,37,-,-,-,-,-,-,9,0,9,2,1,2,-,-,-,-,-,-
경기남부지방경찰청,화성서부,66,4,67,24,1,24,10,0,10,14,1,14,89,3,90,86,2,160,408,0,610,237,6,404,366,3,526,32,0,41,14,0,14,-,-,-,2,1,2,23,2,24,2,1,2,-,-,-,-,-,-
경기남부지방경찰청,의왕,17,3,14,4,1,3,-,-,-,5,1,5,11,0,11,14,0,27,79,1,101,67,2,149,51,0,82,5,0,7,1,0,1,-,-,-,-,-,-,3,0,3,2,0,2,1,0,1,-,-,-
경기남부지방경찰청,하남,52,0,55,4,0,4,1,0,1,6,0,8,90,0,93,39,1,60,252,0,372,121,0,186,338,1,472,16,0,20,11,0,12,-,-,-,-,-,-,28,0,30,1,0,1,-,-,-,-,-,-
경기남부지방경찰청,안양만안,44,1,50,15,0,15,7,0,7,7,0,7,33,0,35,10,0,16,120,1,206,56,0,95,50,0,64,8,0,11,1,0,1,-,-,-,-,-,-,17,1,17,2,0,2,-,-,-,-,-,-
경기남부지방경찰청,부천오정,55,0,60,28,0,28,8,0,8,9,0,9,68,0,74,33,0,50,269,1,392,89,0,146,71,0,86,20,0,22,5,0,7,-,-,-,-,-,-,12,0,12,1,0,1,-,-,-,-,-,-
경기남부지방경찰청,용인서부,69,2,71,24,0,24,1,0,1,29,1,28,70,2,71,20,0,25,174,0,230,263,2,437,464,0,647,11,0,13,12,1,11,-,-,-,-,-,-,27,0,31,1,0,1,-,-,-,-,-,-
경기남부지방경찰청,화성동탄,105,0,115,9,1,8,1,0,1,26,0,27,83,1,89,55,0,94,526,3,816,233,1,378,518,2,758,24,0,26,24,0,27,1,0,1,2,0,2,42,2,40,7,0,7,-,-,-,-,-,-
경기북부지방경찰청,의정부,155,2,166,64,3,61,31,0,33,22,0,22,115,0,121,48,0,74,629,4,884,259,0,468,222,1,303,44,0,57,12,2,11,-,-,-,-,-,-,36,0,39,3,0,3,1,0,1,-,-,-
경기북부지방경찰청,고양,107,3,109,44,2,45,10,1,10,16,0,17,64,3,62,54,0,82,528,5,821,248,1,460,135,1,160,24,0,31,29,1,32,-,-,-,2,0,2,44,2,44,10,0,10,2,1,1,-,-,-
경기북부지방경찰청,일산동부,106,2,110,27,0,28,7,0,7,25,1,25,39,0,39,57,1,90,473,1,715,210,0,331,149,0,225,35,0,48,11,0,13,-,-,-,2,0,2,23,0,23,3,0,3,-,-,-,-,-,-
경기북부지방경찰청,남양주남부,98,4,99,27,0,27,3,0,4,20,0,23,86,0,89,62,1,103,271,1,436,190,2,329,240,0,360,30,0,39,18,4,17,-,-,-,1,1,0,7,1,6,3,0,3,-,-,-,-,-,-
경기북부지방경찰청,파주,107,6,106,45,0,47,21,1,22,18,0,19,111,3,115,140,5,246,588,4,870,270,2,461,237,2,299,32,1,47,48,2,65,-,-,-,6,0,9,28,0,28,9,0,21,1,0,1,-,-,-
경기북부지방경찰청,양주,46,2,49,15,1,14,2,0,2,19,0,21,60,1,61,88,0,141,325,4,483,187,2,299,265,0,374,22,0,27,19,1,21,-,-,-,2,0,2,23,0,24,6,1,5,3,1,2,-,-,-
경기북부지방경찰청,동두천,22,1,22,5,0,5,1,0,1,5,0,6,15,0,16,15,0,30,126,1,177,26,0,46,48,2,63,4,0,4,3,1,3,-,-,-,-,-,-,3,0,3,-,-,-,-,-,-,-,-,-
경기북부지방경찰청,구리,38,0,39,10,0,12,2,0,2,15,0,16,50,0,52,7,1,9,134,0,218,102,0,178,191,1,284,8,0,9,3,0,3,-,-,-,-,-,-,15,0,17,-,-,-,-,-,-,-,-,-
경기북부지방경찰청,포천,45,3,42,12,0,13,7,0,8,2,0,2,56,0,58,42,1,86,334,1,555,140,2,284,116,1,181,24,0,37,16,5,14,-,-,-,-,-,-,16,1,17,2,1,1,-,-,-,-,-,-
경기북부지방경찰청,가평,13,0,13,15,0,16,8,0,8,5,0,5,19,0,20,29,0,52,171,0,290,68,1,142,17,0,26,8,0,10,14,2,13,1,0,1,3,0,5,-,-,-,6,0,7,2,0,3,-,-,-
경기북부지방경찰청,연천,11,0,11,3,1,2,3,1,2,1,0,1,6,0,6,11,0,17,78,2,142,36,1,71,7,0,7,9,1,10,7,0,10,-,-,-,2,2,0,2,0,2,2,0,2,-,-,-,-,-,-
경기북부지방경찰청,일산서부,57,1,58,19,1,20,2,0,2,22,0,23,67,2,65,29,1,51,299,5,430,133,0,232,319,0,421,26,0,31,4,0,5,-,-,-,-,-,-,22,0,23,2,0,3,-,-,-,-,-,-
경기북부지방경찰청,남양주북부,81,2,83,19,0,20,8,0,8,8,0,9,57,1,65,37,0,67,307,1,472,147,2,261,120,0,170,19,0,28,13,0,22,-,-,-,1,1,2,15,0,19,2,1,1,-,-,-,-,-,-
경기북부지방경찰청,13지구대,1,0,1,-,-,-,-,-,-,-,-,-,9,2,10,8,0,24,270,1,469,253,7,605,228,1,420,5,0,10,13,1,30,-,-,-,1,1,0,3,0,3,-,-,-,2,1,4,-,-,-
강원지방경찰청,춘천,98,3,100,19,0,19,7,0,7,19,0,19,113,1,117,52,4,79,398,3,629,157,2,290,403,0,630,23,0,28,10,1,16,-,-,-,-,-,-,35,0,53,3,0,3,4,0,4,-,-,-
강원지방경찰청,강릉,74,1,76,15,0,15,3,0,4,7,0,7,58,1,60,29,1,45,211,2,330,84,1,171,185,2,263,15,0,22,3,3,2,-,-,-,-,-,-,5,3,2,-,-,-,-,-,-,-,-,-
강원지방경찰청,원주,101,4,105,40,1,41,10,0,10,25,1,24,74,2,75,69,1,133,572,0,882,328,2,588,268,3,412,27,0,36,11,1,13,-,-,-,1,0,1,7,2,5,3,0,3,-,-,-,-,-,-
강원지방경찰청,속초,50,3,52,22,2,20,19,1,22,8,0,9,17,1,16,22,0,46,291,3,498,80,1,160,26,0,35,17,0,33,5,1,9,-,-,-,1,0,2,4,1,6,-,-,-,-,-,-,-,-,-
강원지방경찰청,삼척,17,2,15,13,0,14,3,0,3,7,0,7,14,1,15,12,0,28,68,0,98,34,0,58,24,0,37,1,0,1,10,2,8,-,-,-,3,3,2,-,-,-,2,0,2,1,0,1,-,-,-
강원지방경찰청,영월,9,0,9,6,1,5,4,2,3,-,-,-,4,0,4,10,1,23,62,1,111,20,0,37,4,0,4,5,0,8,18,3,31,-,-,-,4,0,7,1,0,1,2,0,4,-,-,-,-,-,-
강원지방경찰청,홍천,19,1,20,3,0,3,3,0,3,1,0,1,12,1,12,20,2,34,109,2,204,35,1,66,11,0,17,2,0,2,9,2,8,-,-,-,3,0,9,2,0,3,5,0,9,-,-,-,-,-,-
강원지방경찰청,평창,4,0,5,4,1,3,4,0,4,-,-,-,4,0,5,33,3,55,75,1,127,15,1,32,2,0,2,2,0,2,10,3,11,-,-,-,4,2,2,-,-,-,2,0,2,1,0,1,-,-,-
강원지방경찰청,화천,4,1,3,1,0,1,1,0,1,2,0,2,3,0,3,14,0,35,34,0,67,9,0,15,10,0,21,2,0,3,5,3,6,-,-,-,2,0,4,-,-,-,-,-,-,-,-,-,-,-,-
강원지방경찰청,태백,7,1,6,10,1,10,-,-,-,-,-,-,14,0,14,13,0,33,103,1,153,26,0,57,43,0,62,6,0,7,5,0,18,-,-,-,-,-,-,-,-,-,-,-,-,1,0,1,-,-,-
강원지방경찰청,정선,3,0,3,2,0,2,-,-,-,2,0,2,15,0,15,8,2,15,5,0,10,12,0,21,91,0,151,3,0,5,9,1,11,-,-,-,-,-,-,8,0,11,-,-,-,-,-,-,-,-,-
강원지방경찰청,횡성,10,1,9,2,1,1,-,-,-,1,0,1,3,0,5,17,3,27,43,0,67,20,0,41,27,1,37,1,0,1,1,1,0,-,-,-,2,1,1,1,0,2,1,1,0,-,-,-,-,-,-
강원지방경찰청,인제,4,0,4,1,0,1,1,0,1,1,0,1,1,0,1,10,1,13,36,1,57,10,1,15,1,0,5,1,0,1,5,1,8,-,-,-,2,0,2,-,-,-,-,-,-,-,-,-,-,-,-
강원지방경찰청,강원고성,3,0,3,2,0,2,3,0,5,-,-,-,13,0,13,4,0,11,57,0,96,52,0,101,7,0,7,2,0,5,1,1,0,-,-,-,1,1,1,1,0,1,-,-,-,-,-,-,-,-,-
강원지방경찰청,철원,10,0,10,11,0,13,2,0,2,-,-,-,5,0,5,5,0,11,57,0,96,8,0,18,6,0,12,1,0,1,4,0,6,-,-,-,1,1,1,-,-,-,3,0,3,-,-,-,-,-,-
강원지방경찰청,양구,2,0,2,-,-,-,-,-,-,1,0,1,10,1,9,9,0,16,35,0,45,9,2,18,3,0,6,2,0,2,2,1,1,-,-,-,1,1,0,-,-,-,3,0,5,2,0,2,-,-,-
강원지방경찰청,동해,31,1,34,5,0,5,5,0,5,1,0,1,11,0,11,25,1,48,119,2,164,47,1,95,48,1,80,7,0,12,-,-,-,-,-,-,1,0,1,3,0,6,2,0,4,-,-,-,-,-,-
강원지방경찰청,7지구대,2,0,2,2,1,8,-,-,-,-,-,-,8,1,14,3,0,14,48,1,118,134,3,478,20,1,40,1,0,2,5,1,9,-,-,-,-,-,-,1,0,1,3,0,4,-,-,-,-,-,-
충북지방경찰청,청주청원,44,0,46,18,1,17,3,0,3,8,0,10,106,0,108,46,0,73,251,2,360,141,1,250,463,2,705,21,0,27,6,0,6,-,-,-,2,1,1,22,1,27,5,0,5,2,2,0,-,-,-
충북지방경찰청,충주,61,7,55,17,1,16,13,0,13,7,0,7,48,2,47,94,4,135,431,2,673,188,5,323,129,0,198,21,0,34,19,2,21,-,-,-,6,1,5,5,1,4,5,0,5,-,-,-,-,-,-
충북지방경찰청,제천,45,1,51,19,2,17,12,0,12,5,0,5,34,0,38,63,0,146,231,2,373,103,4,189,124,2,215,26,0,45,27,2,30,-,-,-,3,1,3,2,0,2,1,0,3,1,0,2,-,-,-
충북지방경찰청,영동,7,0,8,2,0,2,3,0,3,2,0,2,9,0,9,12,1,25,53,3,77,16,1,21,9,0,9,3,0,5,9,1,12,-,-,-,1,0,1,-,-,-,2,0,2,-,-,-,-,-,-
충북지방경찰청,괴산,19,3,17,9,0,10,11,0,11,2,0,2,9,0,9,49,1,87,145,1,234,32,1,55,18,0,24,4,0,4,16,1,20,2,0,3,8,1,9,-,-,-,4,2,2,1,0,1,-,-,-
충북지방경찰청,보은,6,0,6,2,0,2,2,0,2,5,0,5,6,0,7,10,0,24,49,0,91,24,1,33,7,0,10,3,0,5,3,0,6,-,-,-,1,0,1,-,-,-,4,0,4,1,0,1,-,-,-
충북지방경찰청,음성,19,1,19,16,1,16,5,0,5,5,0,5,16,1,15,42,1,65,231,5,368,101,1,172,38,0,65,3,0,3,20,1,26,-,-,-,4,0,5,5,0,6,6,0,6,1,0,1,-,-,-
충북지방경찰청,옥천,16,0,16,6,0,6,2,0,2,-,-,-,7,0,7,6,0,12,32,1,39,8,0,16,22,0,37,1,0,1,7,2,8,-,-,-,2,1,1,1,1,0,1,0,1,-,-,-,-,-,-
충북지방경찰청,단양,10,0,13,2,1,1,-,-,-,1,0,1,7,0,8,9,2,20,28,0,41,23,0,52,39,0,62,1,0,2,10,1,14,-,-,-,1,0,2,3,0,3,8,0,8,3,0,3,-,-,-
충북지방경찰청,진천,26,1,29,7,0,7,9,0,9,3,0,4,4,0,4,24,1,50,239,0,343,65,2,118,16,0,16,11,0,13,10,1,10,-,-,-,1,0,1,1,0,1,7,1,6,-,-,-,-,-,-
충북지방경찰청,청주흥덕,88,1,90,30,0,32,12,0,12,27,1,29,57,1,59,44,2,65,681,6,999,258,5,427,340,1,500,41,0,55,21,2,31,-,-,-,2,1,1,9,0,12,6,0,6,-,-,-,-,-,-
충북지방경찰청,청주상당,83,7,77,22,0,24,19,0,20,20,0,22,61,1,63,64,4,108,515,4,777,154,1,271,189,0,272,29,0,34,14,2,14,-,-,-,4,1,4,16,0,18,14,0,14,2,0,3,-,-,-
충북지방경찰청,10지구대,2,0,2,-,-,-,-,-,-,-,-,-,3,0,3,3,0,7,55,1,105,105,12,232,21,1,57,6,1,6,5,3,3,-,-,-,-,-,-,-,-,-,-,-,-,1,1,4,-,-,-
충남지방경찰청,서산,61,1,67,17,3,14,18,0,18,6,0,6,39,0,42,24,0,48,196,3,301,118,2,215,95,0,141,11,0,16,10,0,12,-,-,-,4,2,2,4,0,5,3,2,1,-,-,-,-,-,-
충남지방경찰청,천안서북,101,3,104,30,0,33,10,0,12,13,0,15,144,10,141,47,0,73,556,4,816,263,1,436,558,5,759,27,0,34,18,2,20,-,-,-,2,0,2,21,1,22,5,0,5,2,0,2,-,-,-
충남지방경찰청,논산,35,3,34,18,0,19,5,0,5,6,0,8,17,2,15,37,3,72,166,6,274,43,2,72,18,0,22,8,0,12,12,2,11,2,0,2,3,1,2,3,0,3,6,0,6,-,-,-,-,-,-
충남지방경찰청,홍성,24,3,21,9,1,8,2,0,2,1,0,1,10,1,9,17,4,19,97,4,130,40,4,65,23,1,26,5,0,5,3,1,15,-,-,-,1,0,1,1,0,1,1,0,1,-,-,-,-,-,-
충남지방경찰청,아산,86,2,89,20,2,19,10,0,10,11,0,12,78,4,78,52,2,100,299,2,495,236,2,423,413,1,564,22,0,26,21,4,38,-,-,-,3,0,3,7,1,6,4,0,4,-,-,-,-,-,-
충남지방경찰청,서천,16,1,16,15,1,15,3,0,4,3,0,3,25,3,24,15,1,29,100,1,172,30,0,48,18,0,24,4,0,7,13,0,13,-,-,-,7,1,10,5,0,5,11,1,13,1,0,1,-,-,-
충남지방경찰청,보령,40,3,37,7,0,7,5,0,5,1,0,1,34,2,33,22,2,40,100,5,180,35,0,68,59,1,84,4,0,5,6,2,6,-,-,-,-,-,-,4,2,3,3,1,3,-,-,-,-,-,-
충남지방경찰청,공주,34,1,33,7,0,7,4,0,4,4,0,5,17,1,16,19,0,42,162,3,262,60,3,92,53,1,83,8,0,14,15,2,14,-,-,-,5,0,5,7,0,10,8,0,8,-,-,-,-,-,-
충남지방경찰청,예산,12,0,12,9,1,8,2,0,3,1,0,1,16,2,14,40,2,69,130,4,199,61,0,123,24,1,41,6,0,12,18,4,14,3,0,3,7,2,6,5,1,4,6,1,7,1,0,4,-,-,-
충남지방경찰청,부여,23,2,23,3,0,3,2,0,4,1,0,1,14,2,13,12,0,28,65,1,100,22,0,45,28,0,40,4,0,8,8,1,8,-,-,-,9,3,9,3,0,3,2,0,2,-,-,-,-,-,-
충남지방경찰청,당진,24,3,22,9,0,11,4,0,4,9,0,12,41,2,42,38,2,58,139,4,186,117,1,200,72,1,103,17,0,23,8,2,9,-,-,-,1,1,0,6,3,3,3,1,2,1,0,1,-,-,-
충남지방경찰청,금산,22,0,23,3,0,3,3,0,3,2,0,2,13,1,13,10,0,15,50,2,80,11,0,14,8,1,13,2,0,2,6,1,6,-,-,-,3,1,2,-,-,-,1,0,2,-,-,-,-,-,-
충남지방경찰청,청양,2,0,2,6,0,6,4,0,4,-,-,-,5,0,5,10,0,21,72,1,117,28,2,51,8,1,13,5,0,8,14,0,14,-,-,-,11,2,10,9,0,12,8,0,8,1,0,2,-,-,-
충남지방경찰청,천안동남,86,4,89,14,1,14,9,0,9,18,0,19,67,3,67,57,1,85,390,2,581,157,3,271,186,2,244,17,0,21,12,1,13,-,-,-,3,0,3,10,1,9,7,1,6,-,-,-,-,-,-
충남지방경찰청,태안,14,1,15,21,2,19,-,-,-,2,0,2,18,1,18,17,0,35,30,0,47,68,1,123,76,2,143,2,0,4,7,0,11,-,-,-,3,0,7,4,1,4,5,0,8,-,-,-,-,-,-
충남지방경찰청,제2지구대,2,0,2,1,0,1,-,-,-,-,-,-,4,0,6,1,1,2,49,0,107,142,6,373,97,2,212,1,0,1,-,-,-,-,-,-,-,-,-,5,1,4,3,0,25,1,1,1,-,-,-
전북지방경찰청,전주완산,142,6,146,19,0,19,14,1,13,13,0,14,69,0,87,94,0,152,321,2,510,187,0,301,134,2,216,17,0,36,9,0,13,-,-,-,-,-,-,14,1,18,-,-,-,-,-,-,-,-,-
전북지방경찰청,전주덕진,101,1,105,19,0,20,6,0,6,11,0,11,44,2,48,29,1,41,443,6,608,134,1,213,65,1,83,18,0,22,6,0,6,-,-,-,1,1,1,5,0,5,1,0,1,-,-,-,-,-,-
전북지방경찰청,군산,105,5,103,32,0,32,15,1,15,19,0,20,66,4,64,55,0,88,504,5,764,176,2,315,127,1,168,21,0,30,20,4,24,-,-,-,4,0,4,14,1,16,3,1,2,1,0,1,-,-,-
전북지방경찰청,익산,98,10,93,16,1,15,8,0,8,10,0,12,38,0,41,34,2,66,347,5,519,113,0,186,124,2,200,8,0,11,3,0,3,-,-,-,4,3,6,12,0,12,-,-,-,-,-,-,-,-,-
전북지방경찰청,정읍,46,3,45,11,0,13,2,0,2,2,0,2,21,1,20,19,0,43,164,7,256,44,2,75,70,1,104,6,0,10,5,0,12,-,-,-,3,1,2,6,1,6,3,2,2,-,-,-,-,-,-
전북지방경찰청,김제,28,0,32,15,0,15,6,0,6,1,1,0,8,0,8,15,1,24,123,5,190,35,0,60,8,0,18,5,0,6,2,0,4,1,0,1,1,0,3,1,0,1,2,1,2,-,-,-,-,-,-
전북지방경찰청,남원,13,0,15,12,1,11,2,0,2,7,1,6,11,1,10,19,1,32,121,2,175,23,1,43,48,1,71,2,0,3,11,4,10,-,-,-,4,1,4,3,0,3,2,1,1,-,-,-,-,-,-
전북지방경찰청,고창,6,1,5,6,0,6,3,1,3,2,0,2,6,0,6,14,1,21,35,3,45,4,0,8,1,0,1,-,-,-,6,3,3,-,-,-,2,2,0,1,1,0,1,0,1,-,-,-,-,-,-
전북지방경찰청,부안,15,2,14,7,0,7,1,1,0,1,0,1,8,1,7,14,1,23,55,3,86,11,0,21,8,0,8,1,0,1,3,1,2,-,-,-,2,0,3,2,1,1,4,0,4,2,0,2,-,-,-
전북지방경찰청,임실,3,0,3,7,0,7,2,1,1,1,0,1,-,-,-,2,0,4,22,0,30,26,0,41,1,0,1,1,0,1,6,2,6,-,-,-,3,0,3,1,1,0,1,0,1,-,-,-,-,-,-
전북지방경찰청,진안,8,1,7,2,0,2,3,0,5,2,0,2,2,1,1,5,0,16,17,0,32,6,0,6,3,0,9,1,0,2,7,2,8,-,-,-,1,1,0,2,1,1,1,0,1,-,-,-,-,-,-
전북지방경찰청,순창,1,0,1,3,2,1,1,0,1,1,0,1,11,1,11,7,1,11,40,1,64,7,0,15,8,0,14,-,-,-,8,3,9,-,-,-,7,2,5,4,0,5,2,1,2,2,0,3,-,-,-
전북지방경찰청,장수,2,0,2,-,-,-,1,0,1,-,-,-,8,1,7,5,2,6,10,0,14,1,0,3,4,0,4,2,0,2,1,0,1,-,-,-,1,0,1,1,0,1,1,1,0,-,-,-,-,-,-
전북지방경찰청,무주,7,0,7,5,1,4,3,1,2,1,0,1,-,-,-,9,0,15,34,0,66,12,0,20,4,0,10,3,0,4,6,2,6,-,-,-,2,1,1,-,-,-,3,1,3,-,-,-,-,-,-
전북지방경찰청,완주,16,3,13,-,-,-,2,0,2,2,0,2,12,2,11,12,1,14,75,0,114,25,3,48,44,4,62,4,0,8,7,2,6,-,-,-,-,-,-,1,1,0,2,1,1,1,1,0,-,-,-
전북지방경찰청,9지구대,-,-,-,-,-,-,-,-,-,-,-,-,1,0,1,-,-,-,-,-,-,9,3,17,4,0,25,-,-,-,3,2,3,-,-,-,-,-,-,-,-,-,-,-,-,-,-,-,-,-,-
전북지방경찰청,12지구대,-,-,-,-,-,-,-,-,-,-,-,-,3,1,2,2,0,4,8,0,16,19,4,37,20,1,51,-,-,-,1,0,2,-,-,-,-,-,-,-,-,-,-,-,-,-,-,-,-,-,-
전남지방경찰청,목포,72,3,76,40,6,34,5,0,5,6,0,7,136,3,138,59,1,104,606,3,"1,085",157,2,289,309,0,509,36,0,55,14,5,14,-,-,-,4,0,5,21,1,26,5,1,4,-,-,-,-,-,-
전남지방경찰청,여수,90,1,95,34,1,33,6,0,6,24,0,25,103,1,105,52,1,85,576,1,843,235,3,371,188,1,263,26,0,35,16,2,21,-,-,-,3,0,4,16,1,15,14,0,17,1,1,0,-,-,-
전남지방경찰청,순천,52,4,50,24,2,22,4,0,4,3,0,3,82,2,86,23,3,60,426,0,698,137,2,286,317,2,438,13,0,16,16,3,16,-,-,-,3,1,2,26,2,26,6,0,6,2,0,2,-,-,-
전남지방경찰청,나주,27,2,27,7,1,6,2,0,3,2,0,2,27,0,28,27,0,47,163,3,264,58,0,117,43,1,76,6,0,9,15,2,17,-,-,-,6,0,7,4,0,7,5,0,5,2,0,3,-,-,-
전남지방경찰청,장흥,5,0,5,6,0,6,8,0,8,3,0,3,22,1,21,16,1,33,55,1,116,41,0,92,29,0,42,6,0,11,20,0,30,-,-,-,3,0,3,13,0,14,9,0,10,3,0,4,-,-,-
전남지방경찰청,고흥,3,0,3,3,0,3,1,0,1,-,-,-,36,2,35,5,0,9,44,2,70,17,0,28,106,0,186,2,0,4,9,2,11,-,-,-,-,-,-,25,3,25,3,0,3,1,0,2,-,-,-
전남지방경찰청,해남,22,3,19,1,0,1,3,0,3,-,-,-,22,1,23,19,0,32,115,1,168,41,2,77,46,2,64,4,0,5,10,0,16,-,-,-,5,0,6,10,3,7,1,0,1,1,0,1,-,-,-
전남지방경찰청,보성,5,1,4,3,0,3,2,1,1,-,-,-,7,0,7,21,0,35,48,0,73,22,0,44,8,0,17,3,0,3,8,0,13,-,-,-,7,2,6,4,0,4,11,1,10,2,0,2,1,0,1
전남지방경찰청,영광,12,0,12,9,2,7,1,0,1,2,0,2,11,0,11,5,0,8,44,1,69,18,0,24,12,1,15,-,-,-,5,1,4,-,-,-,1,0,1,1,1,0,-,-,-,1,0,1,-,-,-
전남지방경찰청,화순,15,0,15,3,0,3,-,-,-,2,0,2,17,0,18,10,0,18,107,0,196,43,0,71,32,0,46,3,0,5,8,0,10,-,-,-,2,0,2,15,3,16,5,0,5,-,-,-,-,-,-
전남지방경찰청,함평,6,0,8,-,-,-,8,1,8,-,-,-,8,3,5,4,0,12,67,1,114,17,0,29,5,0,6,9,0,22,10,0,10,-,-,-,3,0,3,1,0,1,5,0,6,-,-,-,-,-,-
전남지방경찰청,영암,11,0,12,15,1,15,1,0,1,1,0,2,7,1,6,23,1,48,213,4,376,63,1,144,8,0,9,5,0,6,17,2,22,-,-,-,8,0,8,5,0,6,11,4,7,-,-,-,-,-,-
전남지방경찰청,장성,5,0,5,5,1,4,1,0,2,1,0,1,11,0,11,16,1,35,47,0,67,26,0,49,40,1,69,2,0,3,8,0,12,-,-,-,2,0,3,4,0,4,4,0,5,1,0,2,-,-,-
전남지방경찰청,강진,9,0,9,11,0,12,-,-,-,-,-,-,16,1,16,13,0,34,99,1,173,34,1,71,18,0,34,1,0,1,15,1,19,-,-,-,8,1,8,9,0,11,7,0,8,2,0,3,-,-,-
전남지방경찰청,담양,9,0,9,5,0,6,1,0,2,2,1,1,25,1,28,16,0,35,104,1,172,40,0,92,50,2,82,4,0,7,9,0,11,-,-,-,4,0,5,14,1,17,5,1,5,2,0,2,-,-,-
전남지방경찰청,곡성,4,2,2,1,0,1,-,-,-,-,-,-,12,0,16,7,0,14,34,1,55,10,2,14,18,0,36,2,0,4,3,0,3,-,-,-,3,0,4,1,1,0,1,0,1,-,-,-,-,-,-
전남지방경찰청,완도,5,0,5,6,1,5,1,0,1,2,0,2,12,0,12,5,0,10,47,1,83,10,0,14,47,1,78,2,0,2,9,2,10,-,-,-,3,3,0,4,1,6,-,-,-,-,-,-,-,-,-
전남지방경찰청,무안,13,1,12,3,0,3,5,0,5,1,0,1,21,2,21,18,0,29,82,2,122,46,0,76,70,2,96,2,0,2,3,1,3,-,-,-,1,0,1,2,1,1,1,1,0,-,-,-,-,-,-
전남지방경찰청,진도,6,1,5,3,1,2,-,-,-,3,0,3,9,1,9,8,1,11,31,1,38,10,1,13,1,0,1,1,0,1,-,-,-,-,-,-,2,1,1,-,-,-,2,0,2,-,-,-,-,-,-
전남지방경찰청,광양,32,0,34,11,0,11,5,1,4,1,0,1,21,0,22,19,0,24,255,1,383,87,1,138,98,2,125,12,0,15,12,2,10,-,-,-,7,4,6,7,1,7,5,2,3,-,-,-,-,-,-
전남지방경찰청,구례,5,1,4,3,0,3,1,0,1,2,0,2,12,0,12,5,0,10,30,0,56,6,0,12,24,0,32,1,1,0,6,0,6,-,-,-,2,0,4,10,0,12,4,0,5,-,-,-,-,-,-
전남지방경찰청,5지구대,-,-,-,-,-,-,-,-,-,-,-,-,2,1,1,2,0,3,30,0,52,71,7,167,37,0,55,1,0,3,9,5,9,-,-,-,-,-,-,4,0,6,2,1,1,-,-,-,-,-,-
경북지방경찰청,경주,67,3,67,46,3,44,21,0,21,6,0,6,42,0,43,42,2,70,557,4,854,201,4,428,96,1,122,28,0,39,36,10,43,-,-,-,11,0,12,17,2,16,13,4,11,3,0,3,-,-,-
경북지방경찰청,포항북부,75,1,75,41,1,42,22,1,21,10,0,12,52,0,55,50,0,73,336,3,475,156,0,270,159,2,276,23,0,29,7,0,7,-,-,-,2,0,2,16,1,15,4,1,4,-,-,-,-,-,-
경북지방경찰청,안동,44,1,47,11,1,11,3,0,3,2,0,2,78,6,78,36,4,81,174,0,297,77,2,137,227,2,345,14,0,18,23,1,26,-,-,-,5,3,5,14,4,10,6,2,5,2,0,3,-,-,-
경북지방경찰청,김천,37,1,38,17,2,15,9,0,9,2,0,2,6,0,6,33,5,55,189,2,269,64,2,100,17,1,21,2,0,4,17,1,19,-,-,-,6,1,11,5,0,5,3,0,3,-,-,-,-,-,-
경북지방경찰청,상주,19,0,21,6,1,5,7,0,7,3,0,3,16,2,14,25,1,36,181,6,236,57,2,105,31,1,38,8,0,9,18,4,15,-,-,-,10,1,12,2,0,2,9,0,9,1,0,1,-,-,-
경북지방경찰청,의성,10,3,9,4,0,4,10,1,9,-,-,-,14,0,15,22,1,37,75,0,108,23,1,37,11,0,16,9,0,12,20,3,20,-,-,-,7,0,12,3,0,3,4,0,5,-,-,-,-,-,-
경북지방경찰청,영주,35,1,36,10,1,9,-,-,-,8,0,8,20,2,21,19,1,24,210,2,283,57,3,85,31,1,46,3,0,5,8,3,7,-,-,-,4,1,4,3,0,3,1,1,0,-,-,-,-,-,-
경북지방경찰청,칠곡,25,1,25,16,0,16,11,0,11,4,0,4,19,0,19,22,0,41,309,1,533,112,0,210,39,0,50,24,0,31,32,2,31,-,-,-,3,0,3,5,0,5,7,0,8,-,-,-,-,-,-
경북지방경찰청,영천,36,3,35,17,1,17,4,1,3,5,0,5,15,0,16,32,2,58,150,2,249,46,2,69,34,0,52,10,0,12,12,3,10,-,-,-,7,1,11,8,0,11,-,-,-,-,-,-,1,2,0
경북지방경찰청,문경,10,0,10,4,0,4,2,0,2,7,0,7,12,0,14,13,0,20,121,1,191,28,1,43,15,0,17,3,0,4,5,0,6,-,-,-,5,0,9,4,1,4,7,0,7,-,-,-,1,1,1
경북지방경찰청,경산,113,2,116,15,2,13,13,0,14,7,0,7,60,3,62,37,3,49,319,1,461,144,3,237,104,0,142,21,0,24,10,3,9,-,-,-,-,-,-,4,0,7,1,0,1,-,-,-,-,-,-
경북지방경찰청,영덕,5,1,6,6,2,4,7,1,6,2,0,4,10,0,13,16,1,32,88,0,164,37,1,60,11,0,14,8,0,11,11,2,13,-,-,-,7,1,9,7,1,7,4,0,6,-,-,-,-,-,-
경북지방경찰청,예천,4,0,4,10,0,11,1,0,1,1,0,1,4,0,4,8,0,9,74,2,100,23,1,38,13,0,13,1,0,1,8,3,7,-,-,-,3,1,3,1,0,2,2,0,2,1,1,0,-,-,-
경북지방경찰청,봉화,2,0,2,3,0,3,-,-,-,-,-,-,9,1,9,13,0,26,20,0,31,10,1,13,28,0,38,4,0,6,2,0,2,-,-,-,1,0,1,5,2,3,2,2,0,-,-,-,-,-,-
경북지방경찰청,청도,7,0,7,1,0,1,8,0,8,1,0,1,14,1,14,17,1,26,73,0,116,25,0,30,15,0,21,9,0,14,4,0,4,-,-,-,6,2,4,2,1,1,4,1,3,-,-,-,-,-,-
경북지방경찰청,성주,7,1,8,7,3,4,5,0,5,-,-,-,21,0,22,17,0,30,67,1,113,36,1,57,61,0,92,3,0,11,18,2,23,-,-,-,7,2,5,5,0,5,11,1,12,-,-,-,-,-,-
경북지방경찰청,울진,7,0,7,6,0,6,4,1,5,-,-,-,8,0,10,15,3,42,44,0,82,28,1,55,9,1,11,2,0,4,13,3,12,-,-,-,2,0,2,-,-,-,4,1,5,2,0,3,-,-,-
경북지방경찰청,고령,3,0,3,3,0,3,3,0,3,-,-,-,9,1,9,8,0,13,36,0,48,25,0,36,27,3,39,5,0,8,11,3,11,-,-,-,4,1,3,5,2,10,3,0,3,1,0,1,-,-,-
경북지방경찰청,군위,1,0,1,-,-,-,-,-,-,1,0,1,2,0,3,8,1,14,29,0,50,7,1,11,4,0,9,1,0,1,8,1,7,-,-,-,1,0,1,2,0,2,-,-,-,-,-,-,-,-,-
경북지방경찰청,청송,3,0,3,5,1,4,2,0,2,-,-,-,2,0,2,6,0,15,41,0,65,15,0,20,1,0,2,-,-,-,6,1,5,-,-,-,5,0,7,-,-,-,5,0,5,2,0,2,-,-,-
경북지방경찰청,영양,5,0,5,3,1,2,1,0,1,-,-,-,1,0,1,5,1,8,9,1,16,7,0,10,8,0,13,2,0,2,3,0,4,-,-,-,-,-,-,-,-,-,2,0,2,1,0,2,-,-,-
경북지방경찰청,울릉,2,0,2,1,0,1,1,0,1,1,0,1,1,0,5,2,0,4,3,0,4,-,-,-,-,-,-,2,0,3,-,-,-,-,-,-,1,0,1,-,-,-,1,0,1,-,-,-,-,-,-
경북지방경찰청,구미,95,0,100,28,1,28,9,0,9,11,0,11,97,2,96,75,3,98,546,1,822,254,3,462,416,4,548,22,0,34,30,7,26,-,-,-,3,0,3,18,2,18,16,1,15,-,-,-,-,-,-
경북지방경찰청,포항남부,63,5,68,52,0,52,10,0,10,8,0,8,51,2,51,74,1,138,594,5,943,148,0,320,163,1,257,16,0,18,15,0,17,2,0,3,5,0,5,33,2,35,11,0,11,-,-,-,-,-,-
경북지방경찰청,3지구대,-,-,-,-,-,-,-,-,-,-,-,-,7,1,7,8,1,12,112,1,192,245,21,637,86,3,161,5,0,7,10,1,17,-,-,-,1,1,0,17,2,22,3,1,7,-,-,-,-,-,-
경남지방경찰청,마산중부,70,4,69,16,0,17,7,1,9,3,0,4,31,0,32,14,1,20,186,2,279,63,0,114,49,1,66,7,0,8,7,1,10,-,-,-,1,1,0,20,0,22,4,0,4,-,-,-,-,-,-
경남지방경찰청,진주,97,6,96,23,2,22,4,0,4,4,0,4,57,1,59,41,4,50,171,3,208,63,3,90,65,0,97,4,1,4,8,3,8,-,-,-,1,0,1,9,1,9,4,0,4,1,0,1,-,-,-
경남지방경찰청,진해,36,2,35,23,0,24,2,0,2,1,0,1,37,0,40,34,3,49,261,2,373,112,0,197,154,0,235,13,0,19,16,3,15,1,0,1,-,-,-,8,1,7,11,0,11,-,-,-,-,-,-
경남지방경찰청,통영,60,3,62,15,0,15,4,0,4,1,0,1,50,0,51,40,0,67,224,0,347,109,1,197,65,0,100,17,0,20,21,1,22,-,-,-,4,1,7,13,1,14,4,0,4,1,0,1,-,-,-
경남지방경찰청,사천,34,2,34,6,0,6,4,0,5,2,0,2,54,1,57,14,1,21,259,3,422,84,0,174,90,0,139,6,0,7,13,0,18,-,-,-,2,0,2,11,0,16,6,1,6,-,-,-,-,-,-
경남지방경찰청,밀양,43,3,47,5,0,5,8,0,8,2,0,2,22,0,23,23,0,38,218,3,294,62,0,128,31,0,35,7,0,7,20,1,25,2,0,3,3,1,8,6,0,6,5,0,5,1,0,1,-,-,-
경남지방경찰청,김해중부,110,5,111,27,0,29,25,1,25,15,0,15,52,0,53,63,1,102,432,3,604,158,0,282,137,0,183,16,0,22,21,1,27,-,-,-,1,1,0,11,0,11,5,0,7,-,-,-,-,-,-
경남지방경찰청,거창,15,2,13,10,0,10,2,0,2,1,0,1,3,0,3,15,0,17,107,0,156,33,2,54,1,0,1,4,0,6,17,4,17,-,-,-,4,0,4,-,-,-,8,0,9,1,0,1,-,-,-
경남지방경찰청,합천,4,0,4,6,1,5,10,1,13,1,0,1,4,0,4,12,0,24,55,1,93,19,1,32,6,0,9,1,0,2,8,2,10,-,-,-,12,1,12,5,1,10,6,0,6,1,0,2,-,-,-
경남지방경찰청,창녕,4,0,5,3,1,2,3,0,3,3,0,3,15,2,14,17,1,25,68,1,105,32,1,69,48,2,60,7,0,9,8,1,8,-,-,-,-,-,-,7,0,7,5,0,5,-,-,-,-,-,-
경남지방경찰청,함양,11,1,12,13,3,11,2,1,1,3,0,3,15,1,14,13,0,22,70,2,110,14,0,23,12,0,15,5,0,8,13,1,14,-,-,-,8,0,22,2,0,4,8,1,8,-,-,-,-,-,-
경남지방경찰청,양산,81,6,82,26,0,26,6,0,6,11,0,11,64,1,66,70,1,92,508,2,650,168,1,260,165,2,215,16,0,22,22,4,19,-,-,-,1,0,1,18,0,18,7,0,7,-,-,-,-,-,-
경남지방경찰청,경남고성,16,1,15,20,0,20,2,0,2,2,0,2,5,0,6,6,0,14,65,4,80,39,1,61,22,0,31,1,0,1,11,0,13,-,-,-,5,4,2,7,2,5,1,0,1,-,-,-,-,-,-
경남지방경찰청,하동,2,0,2,5,0,5,3,0,3,4,0,4,9,1,10,16,1,21,40,0,56,13,2,21,13,2,26,3,0,7,5,1,4,-,-,-,5,1,8,2,0,3,2,1,1,-,-,-,-,-,-
경남지방경찰청,거제,61,3,62,28,1,27,11,0,11,10,0,10,59,2,64,41,3,84,174,0,243,74,0,125,201,2,266,5,0,6,14,2,14,-,-,-,5,1,5,11,0,12,3,0,3,1,0,1,-,-,-
경남지방경찰청,남해,8,2,8,16,1,15,3,0,4,-,-,-,6,1,5,17,1,39,68,1,118,18,1,44,3,0,3,5,0,8,9,3,11,-,-,-,9,0,16,1,0,1,4,0,4,-,-,-,-,-,-
경남지방경찰청,산청,3,1,2,4,1,3,2,0,2,1,0,1,15,0,15,12,1,25,36,0,67,18,2,31,23,0,45,2,0,4,9,2,8,1,0,1,9,1,10,9,0,13,3,0,3,-,-,-,-,-,-
경남지방경찰청,함안,11,3,9,4,0,4,3,0,3,5,0,5,6,0,7,16,0,26,102,3,139,43,0,72,17,0,20,2,0,6,11,0,12,-,-,-,1,0,2,4,0,4,9,1,8,2,1,1,-,-,-
경남지방경찰청,의령,4,0,4,8,0,9,2,0,2,-,-,-,6,0,6,4,0,5,41,3,48,17,0,25,9,0,10,-,-,-,8,0,9,-,-,-,7,2,7,4,1,3,2,0,2,-,-,-,-,-,-
경남지방경찰청,창원중부,73,1,73,33,2,34,2,0,2,3,0,3,55,2,54,33,3,44,193,4,235,70,2,107,37,1,43,12,0,13,2,0,7,-,-,-,-,-,-,11,0,11,1,0,2,-,-,-,-,-,-
경남지방경찰청,마산동부,36,2,36,14,1,13,4,0,4,9,0,9,27,1,26,20,2,20,120,1,163,55,0,82,48,1,65,5,0,6,2,0,2,-,-,-,-,-,-,15,1,14,-,-,-,-,-,-,-,-,-
경남지방경찰청,창원서부,41,1,40,15,0,15,9,1,8,9,0,10,47,1,46,21,0,38,178,4,241,92,2,160,117,3,151,4,0,5,-,-,-,-,-,-,1,0,3,16,1,16,1,0,1,-,-,-,-,-,-
경남지방경찰청,김해서부,78,3,82,19,1,20,5,1,4,9,0,9,15,0,15,41,0,62,351,0,461,123,2,188,47,1,57,10,0,15,16,0,19,-,-,-,2,1,1,9,0,10,5,0,6,2,0,2,-,-,-
경남지방경찰청,6지구대,-,-,-,-,-,-,-,-,-,-,-,-,4,1,4,1,0,4,20,0,32,63,4,127,39,3,63,-,-,-,-,-,-,-,-,-,-,-,-,3,1,2,-,-,-,-,-,-,-,-,-
제주지방경찰청,제주동부,138,3,143,29,0,30,3,0,3,17,0,17,98,1,102,77,1,144,333,3,518,230,1,401,297,2,404,20,0,35,33,2,40,-,-,-,2,0,2,31,4,32,1,0,1,3,0,3,-,-,-
제주지방경찰청,서귀포,67,2,69,15,0,16,4,0,4,11,0,11,77,2,79,79,0,120,261,2,410,142,0,270,446,3,740,21,0,37,69,2,81,-,-,-,9,0,10,31,3,29,11,0,11,5,0,6,-,-,-
제주지방경찰청,제주서부,105,2,113,61,4,64,9,0,9,16,0,17,98,3,99,75,3,146,435,2,707,211,0,404,362,1,554,37,0,54,33,5,43,-,-,-,3,1,4,27,1,30,5,0,6,2,0,3,-,-,-
,,,,,,,,,,,,,,,,,,,,,,,,,,,,,,,,,,,,,,,,,,,,,,,,,,,,
