경찰청대분류,경찰청세분류,2022,2022,2022,2022,2022,2022,2022,2022,2022,2022,2022,2022,2022,2022,2022,2022,2022,2022,2022,2022,2022,2022,2022,2022,2022,2022,2022,2022,2022,2022
경찰청대분류,경찰청세분류,단일로,단일로,단일로,단일로,단일로,단일로,단일로,단일로,단일로,단일로,단일로,단일로,단일로,단일로,단일로,교차로,교차로,교차로,교차로,교차로,교차로,교차로,교차로,교차로,철길건널목,철길건널목,철길건널목,기타/불명,기타/불명,기타/불명
경찰청대분류,경찰청세분류,터널안,터널안,터널안,교량위,교량위,교량위,고가도로위,고가도로위,고가도로위,지하차도(도로)내,지하차도(도로)내,지하차도(도로)내,기타단일로,기타단일로,기타단일로,교차로내,교차로내,교차로내,교차로횡단보도내,교차로횡단보도내,교차로횡단보도내,교차로부근,교차로부근,교차로부근,철길건널목,철길건널목,철길건널목,기타/불명,기타/불명,기타/불명
경찰청대분류,경찰청세분류,사고[건],사망[명],부상[명],사고[건],사망[명],부상[명],사고[건],사망[명],부상[명],사고[건],사망[명],부상[명],사고[건],사망[명],부상[명],사고[건],사망[명],부상[명],사고[건],사망[명],부상[명],사고[건],사망[명],부상[명],사고[건],사망[명],부상[명],사고[건],사망[명],부상[명]
서울경찰청,서울중부,5,0,7,-,-,-,-,-,-,-,-,-,248,0,322,107,1,151,20,0,24,100,0,127,-,-,-,49,0,60
서울경찰청,서울남대문,4,0,14,-,-,-,-,-,-,35,0,47,221,1,267,69,0,94,9,0,9,44,0,52,-,-,-,20,0,21
서울경찰청,서울종로,4,0,5,-,-,-,-,-,-,32,0,41,244,0,332,93,1,132,21,0,23,93,0,156,-,-,-,36,0,48
서울경찰청,서울혜화,5,1,5,1,0,1,-,-,-,-,-,-,255,2,325,86,0,137,9,0,13,76,0,90,-,-,-,8,0,8
서울경찰청,서울서대문,4,0,6,7,0,22,10,0,25,-,-,-,550,4,725,236,1,307,47,0,51,80,0,112,-,-,-,18,0,19
서울경찰청,서울서부,2,0,4,1,0,1,-,-,-,6,1,6,176,2,230,146,2,207,21,0,22,81,1,124,-,-,-,15,0,18
서울경찰청,서울용산,8,0,9,41,1,66,8,0,14,4,0,4,463,6,615,144,1,201,29,0,31,118,1,153,-,-,-,226,2,289
서울경찰청,서울성북,11,0,25,-,-,-,11,0,19,1,0,1,364,1,440,131,0,185,21,0,22,87,1,107,-,-,-,84,0,113
서울경찰청,서울강북,1,0,1,-,-,-,-,-,-,-,-,-,496,4,607,319,1,392,38,1,39,176,0,209,-,-,-,36,0,44
서울경찰청,서울동대문,-,-,-,9,0,12,14,0,20,3,1,3,762,4,900,363,1,431,59,0,61,247,4,316,-,-,-,56,2,66
서울경찰청,서울광진,1,0,1,25,0,36,5,1,7,3,0,3,283,5,375,138,1,188,20,1,22,115,1,171,-,-,-,129,0,175
서울경찰청,서울마포,2,0,3,45,0,99,20,0,38,3,0,7,540,4,729,216,2,322,49,3,54,145,1,208,-,-,-,83,0,103
서울경찰청,서울영등포,4,0,9,43,0,64,14,4,24,17,1,23,"1,128",12,"1,542",433,1,585,50,0,52,237,2,298,-,-,-,51,0,58
서울경찰청,서울금천,1,0,1,10,0,20,4,0,5,-,-,-,451,6,606,191,3,266,46,0,53,94,0,140,-,-,-,29,0,34
서울경찰청,서울성동,1,0,1,35,0,64,7,0,14,1,0,1,503,5,646,199,2,251,45,0,48,114,0,154,-,-,-,39,1,51
서울경찰청,서울동작,3,0,4,2,0,3,6,0,10,1,0,1,656,4,899,263,2,354,48,1,53,189,0,267,-,-,-,45,0,57
서울경찰청,서울중랑,3,0,6,6,0,10,2,0,2,30,0,44,591,5,823,382,3,526,81,0,87,220,1,291,-,-,-,81,0,94
서울경찰청,서울관악,16,0,37,3,0,4,-,-,-,-,-,-,487,4,627,277,0,371,53,2,57,171,1,234,-,-,-,195,2,245
서울경찰청,서울강남,3,0,3,5,0,7,3,0,5,1,0,1,"1,130",0,"1,533",316,4,440,50,0,55,272,0,372,-,-,-,430,3,560
서울경찰청,서울강서,6,1,5,4,0,5,5,0,7,2,0,3,716,4,953,339,6,467,80,1,84,244,1,333,-,-,-,191,1,233
서울경찰청,서울강동,1,0,4,6,0,10,6,0,12,1,0,2,520,6,689,269,0,351,57,1,58,162,0,217,-,-,-,52,0,69
서울경찰청,서울송파,3,0,5,12,0,17,6,0,8,3,0,3,"1,229",8,"1,722",663,0,946,112,1,131,423,0,595,-,-,-,110,0,135
서울경찰청,서울종암,1,0,1,2,0,2,8,0,12,-,-,-,311,2,396,93,0,123,17,1,16,104,1,128,-,-,-,53,1,67
서울경찰청,서울구로,1,0,1,9,2,12,8,0,11,7,0,8,545,8,699,335,2,467,73,0,80,177,0,262,-,-,-,106,0,133
서울경찰청,서울서초,6,0,8,5,0,11,17,0,32,7,0,10,757,2,"1,115",296,3,416,57,0,61,271,2,372,-,-,-,258,0,379
서울경찰청,서울양천,-,-,-,3,0,4,2,0,4,5,0,7,545,3,705,243,0,345,47,2,48,187,2,249,-,-,-,137,1,163
서울경찰청,서울노원,9,0,12,7,1,11,7,0,12,7,0,11,551,3,754,346,2,497,69,0,77,255,0,361,-,-,-,133,0,168
서울경찰청,서울도봉,1,0,1,1,0,3,-,-,-,3,0,5,182,0,252,207,1,260,24,1,28,94,0,145,-,-,-,9,0,10
서울경찰청,서울은평,-,-,-,-,-,-,-,-,-,-,-,-,200,2,261,120,1,175,29,0,31,76,0,123,-,-,-,47,0,54
서울경찰청,서울방배,6,0,8,3,0,4,2,0,3,2,0,2,250,0,386,80,0,137,7,0,7,74,1,106,-,-,-,52,0,65
서울경찰청,서울수서,5,0,8,4,0,5,3,0,7,5,0,9,817,2,"1,114",325,6,491,55,0,58,207,1,285,-,-,-,117,0,161
부산경찰청,부산중부,-,-,-,1,0,9,2,0,2,-,-,-,169,1,202,89,1,119,4,0,12,92,1,134,-,-,-,10,0,12
부산경찰청,부산동부,1,0,1,2,0,5,13,0,24,28,1,34,280,2,436,111,0,172,17,0,19,76,0,96,-,-,-,7,1,8
부산경찰청,부산서부,5,1,8,2,0,8,4,0,12,21,1,22,178,2,252,130,0,188,11,0,11,82,0,132,-,-,-,7,0,10
부산경찰청,부산남부,13,0,24,17,1,30,4,0,5,11,0,11,571,7,723,327,1,443,29,1,29,220,2,275,-,-,-,66,0,87
부산경찰청,부산북부,2,0,3,4,0,7,2,0,3,22,0,30,190,1,248,105,1,144,25,0,26,67,1,109,-,-,-,30,1,34
부산경찰청,부산동래,6,0,10,3,0,3,-,-,-,23,0,33,398,5,496,228,1,312,28,0,28,115,1,150,-,-,-,21,0,24
부산경찰청,부산영도,-,-,-,6,0,9,2,0,2,30,0,40,108,1,142,68,0,99,11,0,12,34,0,49,-,-,-,40,1,54
부산경찰청,부산해운대,6,0,14,19,0,33,7,0,11,5,0,9,393,4,556,199,1,263,21,1,20,127,0,191,1,0,3,35,0,44
부산경찰청,부산부산진,15,0,37,5,0,5,17,1,33,-,-,-,656,3,878,438,3,631,53,1,58,215,1,302,-,-,-,136,1,176
부산경찰청,부산금정,12,0,23,2,0,3,2,0,2,19,0,27,282,5,372,279,4,393,24,1,29,93,1,116,-,-,-,80,0,92
부산경찰청,부산사하,2,0,2,5,0,7,-,-,-,83,1,104,407,3,534,245,2,345,25,1,25,129,0,171,-,-,-,19,0,19
부산경찰청,부산연제,-,-,-,3,0,5,-,-,-,-,-,-,411,4,512,228,0,321,30,1,30,126,0,174,-,-,-,21,0,35
부산경찰청,부산강서,1,0,1,11,2,19,1,0,1,32,0,49,276,7,413,216,5,289,19,0,19,149,2,223,-,-,-,15,0,17
부산경찰청,부산사상,4,0,5,3,0,4,3,0,4,31,3,39,233,1,284,137,1,179,19,1,21,114,3,139,-,-,-,27,1,32
부산경찰청,부산기장,4,0,7,2,0,2,4,1,6,1,0,1,146,3,210,109,2,173,20,1,19,119,1,189,-,-,-,36,1,45
부산경찰청,8지구대,10,0,27,3,0,8,-,-,-,-,-,-,336,9,666,1,0,1,-,-,-,-,-,-,-,-,-,8,0,16
대구경찰청,대구남부,1,0,6,4,0,10,7,0,18,44,0,68,292,1,408,125,0,179,23,1,27,97,0,131,-,-,-,24,0,29
대구경찰청,대구동부,-,-,-,28,0,35,5,0,7,94,1,128,624,6,894,350,0,494,81,1,94,227,0,358,-,-,-,70,0,85
대구경찰청,대구수성,2,0,7,6,0,9,4,0,7,4,0,7,"1,027",5,"1,433",405,1,600,76,0,82,326,1,514,-,-,-,163,0,245
대구경찰청,대구달서,2,0,5,1,0,2,2,0,6,49,0,63,492,2,658,355,2,526,91,1,96,216,1,315,-,-,-,166,0,235
대구경찰청,대구달성,2,0,3,2,0,3,-,-,-,-,-,-,317,5,451,207,3,317,23,0,28,119,1,161,-,-,-,139,0,187
대구경찰청,대구북부,1,0,1,11,1,18,5,0,7,4,0,5,456,3,609,237,0,324,51,2,51,138,1,182,-,-,-,48,0,56
대구경찰청,대구서부,1,0,1,-,-,-,6,0,7,5,0,5,461,4,606,237,1,355,26,0,29,178,1,286,-,-,-,35,0,42
대구경찰청,대구중부,-,-,-,1,0,2,-,-,-,1,0,1,458,3,623,135,0,199,10,0,10,68,0,121,-,-,-,41,0,60
대구경찰청,대구성서,1,0,2,2,0,5,1,0,1,2,0,2,580,5,768,238,2,365,62,1,67,179,2,255,-,-,-,125,0,155
대구경찰청,대구강북,6,0,7,25,0,37,27,0,44,138,0,235,227,7,303,255,1,392,45,0,50,130,0,203,-,-,-,28,0,31
인천경찰청,인천중부,1,0,5,28,0,41,2,0,2,38,0,51,159,5,218,138,2,227,36,3,33,145,3,208,-,-,-,26,0,34
인천경찰청,인천미추홀,2,0,2,1,0,1,12,0,25,33,0,41,512,7,639,311,6,427,34,0,39,227,1,352,-,-,-,106,0,130
인천경찰청,인천부평,1,0,2,2,0,5,3,0,3,-,-,-,212,5,277,159,0,207,23,0,23,247,4,321,-,-,-,41,1,44
인천경찰청,인천남동,3,0,3,1,0,2,4,0,5,17,2,16,284,2,371,220,0,345,29,0,32,177,0,260,-,-,-,34,0,52
인천경찰청,인천서부,5,0,8,11,0,16,7,0,13,4,0,7,577,9,770,364,5,524,61,1,65,308,0,447,-,-,-,222,2,309
인천경찰청,인천계양,1,0,1,-,-,-,1,0,1,-,-,-,259,2,346,91,2,129,21,1,22,98,1,147,-,-,-,48,0,56
인천경찰청,인천강화,-,-,-,4,0,4,-,-,-,80,3,111,32,2,47,57,4,82,2,1,1,19,0,23,-,-,-,4,0,5
인천경찰청,인천연수,1,0,1,10,0,11,16,0,21,30,0,42,173,2,222,163,0,222,39,0,44,183,3,267,-,-,-,25,0,30
인천경찰청,인천삼산,9,0,10,6,0,7,2,0,2,2,0,2,174,0,202,76,1,89,23,0,26,117,0,136,-,-,-,51,1,60
인천경찰청,인천논현,-,-,-,3,0,3,14,2,27,107,0,158,177,4,243,197,1,280,35,1,38,155,2,215,-,-,-,34,0,43
인천경찰청,11지구대,8,0,19,232,1,419,5,0,8,2,0,2,451,10,765,-,-,-,-,-,-,3,1,4,-,-,-,26,1,48
광주경찰청,광주동부,13,0,38,1,0,2,3,0,4,-,-,-,284,2,404,130,3,181,17,0,19,69,1,102,-,-,-,56,0,83
광주경찰청,광주서부,2,0,2,6,0,19,-,-,-,-,-,-,734,3,"1,134",499,5,784,64,1,72,292,2,469,-,-,-,97,0,124
광주경찰청,광주남부,2,0,8,-,-,-,-,-,-,-,-,-,273,1,378,202,0,286,18,0,18,114,1,159,-,-,-,50,1,64
광주경찰청,광주북부,2,0,2,14,0,18,19,0,40,3,1,4,918,9,"1,391",572,4,918,79,1,89,359,2,521,-,-,-,114,0,157
광주경찰청,광주광산,8,1,23,11,0,17,2,0,2,8,0,14,910,14,"1,324",617,4,"1,014",71,1,82,385,0,597,-,-,-,58,0,77
대전경찰청,대전중부,2,0,5,14,0,18,3,1,2,3,0,4,425,1,611,302,1,448,58,1,60,170,0,271,-,-,-,45,0,47
대전경찰청,대전동부,2,0,4,2,0,6,-,-,-,2,0,6,369,5,508,300,2,459,58,1,63,166,5,248,-,-,-,39,0,53
대전경찰청,대전서부,3,0,5,-,-,-,1,0,1,1,0,3,421,4,604,265,1,410,62,0,72,177,0,275,-,-,-,105,0,129
대전경찰청,대전대덕,-,-,-,18,0,33,7,1,12,1,0,1,378,3,558,260,2,344,46,1,46,155,1,238,-,-,-,34,1,43
대전경찰청,대전둔산,-,-,-,11,0,15,2,0,3,9,0,13,472,0,625,337,2,507,71,1,82,257,1,358,-,-,-,105,0,137
대전경찰청,대전유성,2,1,2,7,0,11,2,1,2,8,0,19,554,4,793,474,3,757,96,1,105,317,1,494,-,-,-,151,1,209
울산경찰청,울산중부,-,-,-,6,0,6,2,0,4,2,0,2,247,1,374,229,2,338,25,1,28,78,0,109,-,-,-,9,0,10
울산경찰청,울산남부,1,0,1,7,1,10,-,-,-,42,1,56,293,1,372,401,1,547,61,0,70,245,0,318,-,-,-,43,1,49
울산경찰청,울산동부,5,0,10,2,0,2,1,0,2,25,0,31,146,1,168,183,0,231,30,1,31,95,0,130,-,-,-,15,0,18
울산경찰청,울산울주,1,0,3,8,0,18,1,0,1,30,1,44,255,5,371,180,1,272,18,1,21,102,1,155,-,-,-,31,0,46
울산경찰청,울산북부,5,0,8,15,0,23,31,0,44,3,0,5,306,8,481,217,1,358,43,0,50,165,1,259,-,-,-,19,0,22
세종경찰청,세종북부,-,-,-,2,0,10,2,0,2,-,-,-,91,4,130,81,1,114,5,0,5,40,0,50,-,-,-,13,0,14
세종경찰청,세종남부,11,0,15,6,0,12,-,-,-,6,0,8,255,9,363,212,1,324,60,1,63,99,1,158,-,-,-,44,0,53
경기남부경찰청,수원중부,1,0,3,2,0,2,6,0,8,6,0,7,609,5,803,610,2,875,66,0,74,227,1,303,-,-,-,71,0,82
경기남부경찰청,성남수정,4,0,8,-,-,-,2,0,2,-,-,-,525,4,696,172,1,222,30,0,34,209,0,284,-,-,-,26,0,31
경기남부경찰청,평택,-,-,-,10,1,13,3,0,4,39,0,63,"1,057",20,"1,520","1,070",9,"1,623",117,5,123,551,10,854,-,-,-,534,4,757
경기남부경찰청,안성,1,1,1,3,0,3,5,0,10,-,-,-,341,4,524,249,2,439,20,1,20,119,1,171,-,-,-,72,3,106
경기남부경찰청,안양동안,2,0,2,1,0,1,1,0,1,1,0,1,236,3,310,213,4,309,37,0,38,122,1,173,-,-,-,83,1,114
경기남부경찰청,이천,1,0,1,2,0,3,-,-,-,-,-,-,389,12,536,312,1,446,21,0,24,168,1,305,-,-,-,74,0,85
경기남부경찰청,광주,10,0,21,12,0,21,3,0,7,2,0,2,858,8,"1,255",516,3,741,36,0,38,351,0,484,-,-,-,320,1,513
경기남부경찰청,여주,1,0,1,3,0,4,-,-,-,-,-,-,201,6,303,163,4,247,6,0,6,84,1,142,-,-,-,42,0,59
경기남부경찰청,용인동부,12,0,18,4,0,5,12,0,14,5,0,5,872,9,"1,310",657,4,975,51,1,53,339,3,530,-,-,-,178,1,244
경기남부경찰청,김포,4,0,9,11,0,16,4,0,7,44,1,81,593,3,910,653,3,993,66,0,72,277,1,438,-,-,-,254,3,351
경기남부경찰청,양평,-,-,-,4,0,5,-,-,-,1,0,1,236,12,334,134,0,209,8,0,8,45,1,70,-,-,-,35,1,45
경기남부경찰청,부천소사,4,0,6,2,0,5,1,0,1,6,0,10,253,3,337,177,2,246,24,2,24,169,0,222,-,-,-,59,0,64
경기남부경찰청,오산,2,0,3,2,0,5,1,0,1,2,0,2,313,6,437,316,0,449,34,1,35,202,1,278,-,-,-,51,0,56
경기남부경찰청,부천원미,1,1,0,1,0,1,9,1,17,8,0,13,691,3,923,620,1,879,93,1,103,440,2,601,-,-,-,155,0,204
경기남부경찰청,광명,2,0,2,3,0,3,2,0,2,7,1,9,355,5,472,241,2,361,38,0,40,201,2,273,-,-,-,75,0,97
경기남부경찰청,안산단원,3,0,4,1,0,1,8,0,15,10,0,12,693,6,"1,001",614,2,944,53,0,60,311,2,492,-,-,-,335,3,436
경기남부경찰청,과천,2,0,2,1,0,1,2,0,3,3,0,4,103,4,191,33,0,48,7,0,7,49,0,88,-,-,-,7,0,9
경기남부경찰청,수원남부,6,0,10,4,0,8,8,0,10,72,1,98,630,2,881,508,3,744,108,2,115,303,2,454,-,-,-,161,0,207
경기남부경찰청,군포,2,0,4,-,-,-,2,0,3,5,0,7,199,3,284,188,2,268,22,1,22,105,0,155,-,-,-,24,1,35
경기남부경찰청,성남중원,20,0,37,3,0,6,1,0,1,4,0,7,306,3,410,165,4,226,22,1,21,195,0,254,-,-,-,151,2,194
경기남부경찰청,분당,6,0,8,2,0,2,1,0,3,8,0,10,477,2,671,435,5,634,67,1,73,236,1,343,-,-,-,336,3,455
경기남부경찰청,시흥,2,0,4,5,0,8,9,0,17,5,1,9,869,11,"1,284",714,4,"1,085",93,1,101,352,2,523,-,-,-,188,1,262
경기남부경찰청,안산상록,1,0,1,2,0,3,2,0,4,4,1,4,618,5,856,505,0,741,70,0,81,291,0,466,-,-,-,58,0,67
경기남부경찰청,수원서부,2,0,2,-,-,-,3,0,5,2,0,2,459,3,650,364,0,541,34,1,34,301,0,454,-,-,-,72,2,82
경기남부경찰청,1지구대,35,3,65,7,0,15,2,0,5,4,0,11,"1,082",37,"2,476",1,0,2,-,-,-,2,0,3,-,-,-,263,4,587
경기남부경찰청,화성서부,1,1,0,1,0,1,1,0,1,2,0,3,573,10,826,377,5,586,41,3,40,205,1,315,-,-,-,172,4,216
경기남부경찰청,의왕,1,0,2,3,0,3,-,-,-,-,-,-,123,5,207,56,1,75,8,2,6,44,0,66,-,-,-,25,0,47
경기남부경찰청,하남,1,0,1,1,0,1,1,0,1,1,0,3,274,1,382,282,1,411,43,0,47,238,0,327,-,-,-,118,0,141
경기남부경찰청,안양만안,-,-,-,1,0,1,1,0,2,-,-,-,103,2,138,88,0,142,24,1,29,86,0,129,-,-,-,67,0,85
경기남부경찰청,부천오정,-,-,-,-,-,-,8,0,15,2,0,3,254,0,336,200,1,281,37,0,40,128,0,171,-,-,-,39,0,49
경기남부경찰청,용인서부,11,1,26,2,0,2,5,0,6,5,0,7,347,2,482,284,1,405,55,1,58,292,3,399,-,-,-,164,0,205
경기남부경찰청,화성동탄,9,0,12,1,0,1,2,0,4,6,1,10,555,5,780,593,1,935,79,1,88,288,1,392,-,-,-,123,1,167
경기북부경찰청,의정부,10,0,24,2,0,2,7,0,8,8,1,10,719,6,963,487,3,656,74,1,85,304,1,462,-,-,-,30,0,33
경기북부경찰청,고양,1,0,1,5,1,8,4,0,5,4,0,4,572,10,859,430,4,610,59,2,57,219,3,309,-,-,-,23,0,33
경기북부경찰청,일산동부,-,-,-,-,-,-,-,-,-,2,0,2,422,0,617,333,3,473,79,2,81,261,0,392,-,-,-,70,0,94
경기북부경찰청,남양주남부,7,0,14,7,0,16,7,0,12,4,0,5,369,8,540,274,3,423,54,1,61,190,2,267,-,-,-,144,0,197
경기북부경찰청,파주,2,0,3,6,0,9,-,-,-,238,2,363,532,15,739,577,7,801,33,0,37,238,2,363,-,-,-,35,0,41
경기북부경찰청,양주,2,0,6,2,1,2,4,0,5,-,-,-,437,9,611,345,2,507,28,0,32,183,1,264,-,-,-,81,0,98
경기북부경찰청,동두천,2,0,11,2,1,2,1,1,0,-,-,-,75,0,103,116,2,163,11,0,11,50,1,67,-,-,-,16,0,19
경기북부경찰청,구리,-,-,-,-,-,-,1,0,1,-,-,-,302,2,449,143,0,223,20,0,21,84,0,117,-,-,-,25,0,28
경기북부경찰청,포천,-,-,-,1,0,1,3,0,8,1,0,1,367,11,580,232,2,374,22,1,24,144,1,250,-,-,-,42,0,60
경기북부경찰청,가평,2,0,6,3,0,7,4,0,6,1,0,1,131,2,218,96,0,168,5,0,5,70,1,105,-,-,-,67,0,95
경기북부경찰청,연천,-,-,-,1,1,0,-,-,-,30,1,55,51,4,64,71,2,126,-,-,-,19,0,32,-,-,-,6,0,6
경기북부경찰청,일산서부,1,1,1,7,0,10,4,0,8,-,-,-,390,3,516,307,3,424,53,0,56,168,3,257,-,-,-,71,0,92
경기북부경찰청,남양주북부,5,0,17,25,1,32,8,0,20,-,-,-,318,5,457,256,0,405,53,1,55,137,1,195,-,-,-,32,0,46
경기북부경찰청,13지구대,37,2,118,21,0,58,2,0,5,1,0,1,689,12,"1,315",6,0,8,-,-,-,3,0,10,-,-,-,34,0,61
강원경찰청,춘천,2,0,2,10,1,11,-,-,-,11,0,21,514,6,729,418,2,672,82,3,85,202,2,332,-,-,-,102,0,142
강원경찰청,강릉,-,-,-,3,0,4,-,-,-,-,-,-,239,7,354,243,3,358,21,1,21,89,0,137,-,-,-,94,3,123
강원경찰청,원주,2,0,2,4,0,5,1,0,2,-,-,-,539,13,797,598,0,951,51,1,52,244,2,388,-,-,-,97,1,131
강원경찰청,속초,-,-,-,7,1,6,20,0,45,21,0,36,165,9,244,208,1,333,16,0,18,109,2,205,-,-,-,16,0,21
강원경찰청,삼척,1,0,2,-,-,-,-,-,-,40,0,61,75,7,92,54,0,81,7,0,7,22,1,31,-,-,-,10,0,15
강원경찰청,영월,4,0,11,5,2,9,-,-,-,-,-,-,74,5,112,45,0,88,2,0,2,9,1,10,-,-,-,10,0,15
강원경찰청,홍천,-,-,-,5,0,11,2,0,2,18,0,21,89,5,149,86,2,163,8,1,7,15,0,22,-,-,-,11,1,16
강원경찰청,평창,-,-,-,-,-,-,-,-,-,90,8,134,-,-,-,55,2,94,1,0,1,11,1,18,-,-,-,3,0,4
강원경찰청,화천,3,0,9,2,0,7,-,-,-,-,-,-,47,4,80,23,0,48,-,-,-,7,0,10,-,-,-,5,0,7
강원경찰청,태백,1,0,10,2,0,5,-,-,-,-,-,-,80,2,127,102,1,159,3,0,3,25,0,39,-,-,-,15,0,18
강원경찰청,정선,-,-,-,2,0,3,-,-,-,-,-,-,64,3,99,42,0,67,1,0,1,7,0,14,-,-,-,42,0,62
강원경찰청,횡성,-,-,-,-,-,-,1,1,0,-,-,-,74,8,118,37,0,50,-,-,-,13,0,19,-,-,-,4,0,5
강원경찰청,인제,1,0,1,2,0,2,-,-,-,-,-,-,25,2,34,31,2,50,-,-,-,13,0,21,-,-,-,1,0,1
강원경찰청,강원고성,1,0,1,-,-,-,-,-,-,-,-,-,23,0,47,36,0,62,1,0,1,51,2,84,-,-,-,34,0,50
강원경찰청,철원,-,-,-,-,-,-,-,-,-,-,-,-,42,1,55,50,0,84,1,0,1,15,0,33,-,-,-,5,0,5
강원경찰청,양구,4,0,11,2,0,2,-,-,-,-,-,-,25,2,34,26,0,34,2,0,2,14,1,16,-,-,-,6,2,8
강원경찰청,동해,-,-,-,3,0,4,4,0,10,-,-,-,96,1,154,132,2,206,5,0,6,50,3,68,-,-,-,15,0,18
강원경찰청,7지구대,50,2,211,7,0,39,-,-,-,1,1,2,141,4,382,-,-,-,-,-,-,-,-,-,-,-,-,28,1,56
충북경찰청,청주청원,2,0,5,5,0,6,5,0,13,-,-,-,354,5,497,321,1,475,43,0,46,215,1,320,-,-,-,193,3,276
충북경찰청,충주,4,0,10,9,0,14,3,0,4,38,3,48,411,16,580,339,6,513,26,0,28,194,0,311,-,-,-,20,0,28
충북경찰청,제천,4,0,4,-,-,-,1,1,1,12,1,12,176,7,275,278,2,473,38,0,43,135,3,237,-,-,-,52,0,86
충북경찰청,영동,-,-,-,-,-,-,-,-,-,-,-,-,70,5,90,37,1,58,-,-,-,17,0,23,-,-,-,4,0,5
충북경찰청,괴산,2,0,2,10,2,17,3,0,4,-,-,-,107,5,152,136,0,218,7,1,6,62,2,86,-,-,-,2,0,3
충북경찰청,보은,-,-,-,4,0,6,1,0,1,1,0,1,48,1,71,56,0,101,2,0,2,10,0,14,-,-,-,1,0,1
충북경찰청,음성,2,0,2,1,0,1,2,0,5,1,0,1,188,4,276,200,4,322,5,1,4,93,2,145,-,-,-,20,0,21
충북경찰청,옥천,-,-,-,3,2,1,-,-,-,-,-,-,30,2,42,34,0,43,6,0,6,20,1,27,-,-,-,18,0,27
충북경찰청,단양,-,-,-,1,0,6,-,-,-,-,-,-,52,3,86,27,0,44,4,0,7,12,0,14,-,-,-,49,1,73
충북경찰청,진천,-,-,-,3,0,4,-,-,-,138,4,203,16,1,21,179,1,263,4,0,5,72,0,101,-,-,-,11,0,14
충북경찰청,청주흥덕,2,0,2,2,0,2,2,0,4,2,0,2,508,9,711,517,5,777,73,1,77,385,3,575,-,-,-,125,2,168
충북경찰청,청주상당,1,0,1,2,0,2,6,0,9,97,3,130,316,6,432,412,6,629,79,3,79,247,2,385,-,-,-,46,0,54
충북경찰청,10지구대,9,0,22,1,0,1,-,-,-,14,0,20,159,18,354,-,-,-,-,-,-,2,1,3,-,-,-,16,0,19
충남경찰청,서산,-,-,-,-,-,-,-,-,-,-,-,-,169,6,234,242,4,350,19,0,22,119,0,194,-,-,-,57,3,88
충남경찰청,천안서북,2,0,4,1,0,1,11,1,24,4,0,5,695,11,933,550,7,757,54,2,62,339,3,517,-,-,-,141,2,171
충남경찰청,논산,-,-,-,5,1,5,3,0,6,2,0,3,116,6,153,146,7,237,22,1,26,64,4,93,-,-,-,21,0,34
충남경찰청,홍성,-,-,-,-,-,-,1,0,14,-,-,-,91,12,110,98,4,127,10,1,9,25,2,35,-,-,-,9,0,9
충남경찰청,아산,1,0,4,5,0,5,2,0,2,2,0,3,419,9,667,443,2,651,40,1,40,190,4,282,-,-,-,160,4,213
충남경찰청,서천,-,-,-,2,0,3,1,0,1,1,0,2,100,6,130,100,2,159,3,0,3,49,1,76,-,-,-,10,0,10
충남경찰청,보령,1,0,1,2,0,3,-,-,-,-,-,-,141,12,187,108,6,190,15,0,15,40,0,62,-,-,-,13,0,14
충남경찰청,공주,1,0,4,7,0,10,1,0,5,-,-,-,180,8,267,122,3,182,12,0,12,62,0,92,-,-,-,18,0,23
충남경찰청,예산,1,0,2,3,0,4,2,1,3,-,-,-,134,9,199,127,3,189,1,0,1,58,5,102,-,-,-,15,0,20
충남경찰청,부여,-,-,-,6,1,8,1,0,2,1,0,1,94,7,138,59,0,89,11,1,12,15,0,23,-,-,-,9,0,14
충남경찰청,당진,-,-,-,4,0,6,3,0,5,1,0,1,245,14,334,161,4,222,12,2,11,43,0,68,-,-,-,20,0,29
충남경찰청,금산,2,0,2,1,0,1,1,0,1,-,-,-,60,5,72,49,0,75,8,0,9,9,1,14,-,-,-,4,0,4
충남경찰청,청양,-,-,-,2,0,2,1,0,1,-,-,-,80,4,111,68,1,106,1,0,1,23,1,39,-,-,-,8,0,13
충남경찰청,천안동남,1,0,2,8,3,20,3,0,4,9,0,13,461,8,625,300,3,420,25,0,29,168,3,251,-,-,-,58,2,67
충남경찰청,태안,-,-,-,2,0,4,-,-,-,-,-,-,142,6,229,86,2,148,1,0,1,18,0,32,-,-,-,18,0,22
충남경찰청,제2지구대,2,0,5,3,0,4,-,-,-,-,-,-,227,6,532,-,-,-,-,-,-,1,0,2,-,-,-,73,5,191
전북경찰청,전주완산,-,-,-,4,0,5,-,-,-,2,0,5,323,2,477,355,2,566,91,3,95,183,1,290,-,-,-,75,4,87
전북경찰청,전주덕진,-,-,-,3,0,3,-,-,-,-,-,-,304,7,398,322,2,439,76,2,81,159,2,227,-,-,-,19,0,22
전북경찰청,군산,-,-,-,2,0,2,-,-,-,136,4,176,263,11,368,448,6,687,63,1,63,205,2,297,-,-,-,45,0,53
전북경찰청,익산,1,0,1,2,0,3,-,-,-,-,-,-,302,9,405,324,7,502,36,3,38,124,3,193,-,-,-,26,1,30
전북경찰청,정읍,2,1,2,2,0,4,-,-,-,-,-,-,121,6,159,191,7,307,17,1,17,38,2,59,-,-,-,31,1,44
전북경찰청,김제,-,-,-,4,1,6,2,0,2,20,0,32,83,3,123,93,4,143,10,0,12,37,0,50,-,-,-,2,0,2
전북경찰청,남원,1,0,3,-,-,-,-,-,-,-,-,-,96,10,126,126,3,184,15,1,15,34,0,52,-,-,-,6,0,6
전북경찰청,고창,2,0,2,10,2,8,-,-,-,1,0,1,21,7,20,29,2,38,2,0,2,9,0,15,-,-,-,13,1,15
전북경찰청,부안,-,-,-,-,-,-,-,-,-,26,2,40,35,3,39,47,2,72,9,1,9,15,1,16,-,-,-,2,1,4
전북경찰청,임실,-,-,-,3,1,2,1,0,1,14,2,15,21,0,30,26,0,39,-,-,-,8,0,9,-,-,-,3,1,3
전북경찰청,진안,1,0,1,4,1,4,-,-,-,-,-,-,34,4,56,18,1,27,1,0,1,1,0,2,-,-,-,1,0,1
전북경찰청,순창,-,-,-,-,-,-,-,-,-,-,-,-,45,7,58,40,3,65,2,0,2,11,1,11,-,-,-,4,0,7
전북경찰청,장수,-,-,-,-,-,-,-,-,-,-,-,-,19,4,19,14,0,19,1,0,1,2,0,2,-,-,-,1,0,1
전북경찰청,무주,2,0,4,1,0,1,-,-,-,58,6,91,-,-,-,25,0,39,-,-,-,2,0,3,-,-,-,1,0,1
전북경찰청,완주,-,-,-,1,0,1,-,-,-,1,1,0,75,11,102,79,2,111,7,0,8,29,3,45,-,-,-,11,1,14
전북경찰청,9지구대,4,1,7,-,-,-,-,-,-,-,-,-,11,4,37,-,-,-,-,-,-,-,-,-,-,-,-,2,0,2
전북경찰청,12지구대,-,-,-,4,0,7,1,0,15,-,-,-,45,6,86,-,-,-,-,-,-,-,-,-,-,-,-,3,0,4
전남경찰청,목포,2,0,3,6,0,15,1,0,1,1,0,1,490,13,709,524,1,955,35,1,41,244,6,404,-,-,-,167,4,222
전남경찰청,여수,7,2,9,3,0,3,1,0,1,2,0,2,583,7,832,452,2,627,38,1,39,220,1,315,-,-,-,78,0,90
전남경찰청,순천,1,0,7,3,1,2,1,0,1,-,-,-,467,11,697,424,4,660,24,1,24,163,4,250,-,-,-,51,0,74
전남경찰청,나주,-,-,-,5,0,19,1,0,1,-,-,-,158,5,241,138,4,230,12,0,15,61,0,89,-,-,-,19,0,23
전남경찰청,장흥,6,0,17,2,0,4,-,-,-,-,-,-,121,2,177,70,1,125,1,0,2,24,0,53,-,-,-,15,0,20
전남경찰청,고흥,-,-,-,1,0,1,-,-,-,-,-,-,125,6,186,78,3,118,-,-,-,20,0,27,-,-,-,31,0,48
전남경찰청,해남,3,0,5,1,0,1,-,-,-,-,-,-,150,7,203,100,2,147,4,0,4,28,1,47,-,-,-,14,2,16
전남경찰청,보성,-,-,-,1,0,2,-,-,-,-,-,-,71,1,107,47,2,72,1,0,1,14,0,19,1,0,1,17,2,21
전남경찰청,영광,-,-,-,-,-,-,-,-,-,-,-,-,60,4,70,53,2,75,1,0,1,5,0,6,-,-,-,3,0,3
전남경찰청,화순,3,0,6,2,0,3,2,0,2,-,-,-,108,3,158,88,0,159,7,0,7,35,0,52,-,-,-,17,0,20
전남경찰청,함평,-,-,-,2,0,2,-,-,-,-,-,-,64,5,92,60,0,105,-,-,-,12,0,16,-,-,-,5,0,9
전남경찰청,영암,1,0,2,1,0,3,-,-,-,1,0,1,155,9,242,143,4,273,1,0,1,72,0,126,-,-,-,14,1,14
전남경찰청,장성,1,0,1,1,0,1,-,-,-,-,-,-,93,3,146,54,0,89,2,0,2,18,0,28,-,-,-,4,0,5
전남경찰청,강진,-,-,-,2,0,2,1,0,1,-,-,-,122,3,194,91,2,166,-,-,-,19,0,29,-,-,-,7,0,7
전남경찰청,담양,-,-,-,-,-,-,-,-,-,-,-,-,112,7,172,115,0,195,1,0,1,49,0,86,-,-,-,13,0,20
전남경찰청,곡성,-,-,-,1,0,1,-,-,-,-,-,-,33,4,55,37,1,61,1,0,1,12,0,19,-,-,-,12,1,13
전남경찰청,완도,-,-,-,1,0,1,-,-,-,2,0,3,79,8,108,46,0,79,4,0,4,19,1,31,-,-,-,2,0,2
전남경찰청,무안,-,-,-,-,-,-,-,-,-,1,0,1,85,5,121,104,3,158,8,0,11,55,1,65,-,-,-,15,1,16
전남경찰청,진도,-,-,-,1,0,1,-,-,-,12,3,9,29,3,29,22,1,29,1,0,1,7,0,10,-,-,-,4,0,7
전남경찰청,광양,1,0,1,6,0,6,1,0,1,-,-,-,140,5,193,257,5,356,17,0,19,110,1,164,-,-,-,40,3,43
전남경찰청,구례,-,-,-,1,0,3,-,-,-,-,-,-,55,0,83,38,1,55,-,-,-,12,0,14,-,-,-,5,1,4
전남경찰청,5지구대,7,0,16,4,0,8,-,-,-,-,-,-,97,8,187,1,0,3,-,-,-,-,-,-,-,-,-,49,6,83
경북경찰청,경주,7,0,15,8,1,18,-,-,-,66,4,90,431,19,613,361,5,536,34,0,38,234,4,409,-,-,-,45,0,60
경북경찰청,포항북부,-,-,-,2,0,2,4,0,4,-,-,-,410,6,544,256,3,380,34,0,34,180,1,282,-,-,-,67,0,110
경북경찰청,안동,1,0,1,12,0,20,2,0,4,2,0,3,325,21,423,194,2,359,32,0,36,97,3,157,-,-,-,51,0,65
경북경찰청,김천,-,-,-,3,0,3,-,-,-,1,0,5,166,12,212,133,2,201,17,0,19,72,1,100,-,-,-,15,0,17
경북경찰청,상주,-,-,-,3,0,9,1,0,1,21,3,32,161,8,199,138,7,176,19,0,20,40,0,66,-,-,-,10,0,10
경북경찰청,의성,-,-,-,4,0,5,-,-,-,-,-,-,98,5,125,68,3,101,1,0,1,29,1,35,-,-,-,12,0,20
경북경찰청,영주,-,-,-,6,2,7,1,0,2,1,0,1,145,7,189,173,4,230,22,0,23,50,0,68,-,-,-,11,3,11
경북경찰청,칠곡,-,-,-,2,0,4,2,0,2,38,1,60,207,2,305,232,0,400,11,1,12,116,0,172,-,-,-,20,0,32
경북경찰청,영천,1,0,1,2,0,2,-,-,-,-,-,-,164,8,241,120,5,188,15,0,16,67,2,91,1,2,0,7,0,9
경북경찰청,문경,-,-,-,2,0,3,-,-,-,-,-,-,89,2,119,91,1,146,2,0,2,37,0,50,1,1,1,15,0,18
경북경찰청,경산,-,-,-,4,0,4,-,-,-,32,0,40,334,9,444,257,4,364,63,2,62,132,2,198,-,-,-,26,0,30
경북경찰청,영덕,-,-,-,4,1,3,-,-,-,1,0,2,104,7,160,77,2,134,2,0,2,29,0,43,-,-,-,2,0,5
경북경찰청,예천,-,-,-,-,-,-,1,0,1,-,-,-,69,7,82,53,1,71,7,0,7,20,0,31,-,-,-,4,0,4
경북경찰청,봉화,1,0,2,-,-,-,-,-,-,-,-,-,46,5,64,32,1,41,2,0,3,8,0,11,-,-,-,10,0,13
경북경찰청,청도,-,-,-,-,-,-,-,-,-,-,-,-,97,6,122,57,0,83,1,0,1,22,0,34,-,-,-,9,0,10
경북경찰청,성주,-,-,-,5,0,7,-,-,-,1,0,1,129,9,172,87,2,140,2,0,2,29,0,45,-,-,-,12,0,20
경북경찰청,울진,-,-,-,1,0,4,-,-,-,-,-,-,85,8,151,40,2,67,-,-,-,16,0,19,-,-,-,2,0,3
경북경찰청,고령,-,-,-,1,0,1,1,0,1,-,-,-,64,5,85,42,3,59,1,0,1,14,0,20,-,-,-,20,2,23
경북경찰청,군위,-,-,-,-,-,-,-,-,-,-,-,-,36,3,56,21,0,36,-,-,-,-,-,-,-,-,-,7,0,8
경북경찰청,청송,-,-,-,-,-,-,-,-,-,61,2,85,1,0,1,29,0,44,-,-,-,-,-,-,-,-,-,2,0,2
경북경찰청,영양,-,-,-,-,-,-,-,-,-,-,-,-,27,2,38,10,1,13,2,0,2,4,0,5,-,-,-,4,0,8
경북경찰청,울릉,-,-,-,-,-,-,-,-,-,-,-,-,14,0,22,1,0,1,-,-,-,-,-,-,-,-,-,-,-,-
경북경찰청,구미,-,-,-,13,0,27,3,0,3,1,0,3,615,13,820,604,8,859,42,0,48,298,3,452,-,-,-,44,0,58
경북경찰청,포항남부,-,-,-,10,0,15,17,0,42,172,4,261,346,6,526,454,3,731,33,1,39,199,1,308,-,-,-,14,1,14
경북경찰청,3지구대,46,1,139,9,0,16,-,-,-,2,1,6,386,29,808,1,0,2,-,-,-,1,0,2,-,-,-,49,1,89
경남경찰청,마산중부,3,0,6,5,0,7,1,0,1,1,0,2,181,6,260,157,2,212,43,1,43,85,2,121,-,-,-,2,0,2
경남경찰청,진주,-,-,-,-,-,-,-,-,-,-,-,-,228,14,263,173,6,220,51,2,51,74,2,94,-,-,-,26,0,29
경남경찰청,진해,5,0,9,4,0,4,4,0,11,-,-,-,219,7,285,281,1,421,29,2,28,147,1,226,-,-,-,20,0,25
경남경찰청,통영,-,-,-,3,0,4,-,-,-,1,0,1,267,3,381,171,0,285,27,1,26,96,1,134,-,-,-,63,2,81
경남경찰청,사천,-,-,-,4,0,6,-,-,-,-,-,-,222,4,341,224,4,361,10,0,13,104,0,164,-,-,-,21,0,24
경남경찰청,밀양,1,0,1,7,0,20,-,-,-,1,0,1,190,4,267,183,4,250,17,0,20,37,0,46,-,-,-,22,0,30
경남경찰청,김해중부,-,-,-,2,0,3,-,-,-,1,0,1,414,6,565,407,5,562,64,1,80,132,0,190,-,-,-,53,0,70
경남경찰청,거창,1,0,3,1,0,1,-,-,-,1,0,1,67,7,81,100,1,139,5,0,5,36,0,54,-,-,-,10,0,10
경남경찰청,합천,1,0,2,-,-,-,1,1,1,-,-,-,69,5,91,39,1,72,1,0,1,35,1,56,-,-,-,4,0,4
경남경찰청,창녕,-,-,-,1,0,1,-,-,-,-,-,-,90,4,138,73,4,98,3,1,3,16,0,23,-,-,-,37,0,52
경남경찰청,함양,-,-,-,1,0,1,-,-,-,1,0,2,89,4,118,75,4,119,5,0,6,11,2,11,-,-,-,7,0,10
경남경찰청,양산,6,0,9,11,1,12,3,0,5,3,1,2,448,7,565,470,5,597,30,3,32,115,0,168,-,-,-,77,0,85
경남경찰청,경남고성,1,0,2,-,-,-,-,-,-,-,-,-,104,9,134,64,3,77,5,0,5,24,0,30,-,-,-,4,0,5
경남경찰청,하동,-,-,-,1,0,1,-,-,-,-,-,-,64,6,85,32,0,49,2,1,2,14,1,20,-,-,-,9,1,14
경남경찰청,거제,6,0,9,4,0,8,1,1,0,3,0,5,289,8,404,225,3,290,38,1,42,82,1,110,-,-,-,50,0,65
경남경찰청,남해,-,-,-,1,0,3,-,-,-,1,0,1,83,5,131,46,2,71,1,0,2,30,3,62,-,-,-,5,0,6
경남경찰청,산청,-,-,-,3,1,2,-,-,-,-,-,-,81,7,108,49,0,103,1,0,1,4,0,5,-,-,-,9,0,11
경남경찰청,함안,4,0,9,1,0,1,-,-,-,-,-,-,92,6,120,74,1,101,7,0,7,36,1,50,-,-,-,22,0,30
경남경찰청,의령,-,-,-,1,0,1,-,-,-,-,-,-,51,3,61,23,1,27,2,0,2,31,2,35,-,-,-,4,0,4
경남경찰청,창원중부,1,0,1,2,0,4,2,0,3,-,-,-,187,6,211,184,4,225,35,2,34,87,3,120,-,-,-,27,0,30
경남경찰청,마산동부,2,0,2,5,0,8,1,0,1,-,-,-,145,3,177,75,2,102,22,1,24,95,2,116,-,-,-,10,1,10
경남경찰청,창원서부,1,0,2,2,0,2,2,0,2,1,0,3,223,5,304,200,8,262,21,0,21,57,0,81,-,-,-,44,0,57
경남경찰청,김해서부,3,0,6,3,1,7,3,0,6,-,-,-,254,4,320,275,2,362,43,1,44,123,1,171,-,-,-,28,0,35
경남경찰청,6지구대,5,0,10,-,-,-,-,-,-,-,-,-,121,9,218,-,-,-,-,-,-,-,-,-,-,-,-,4,0,4
제주경찰청,제주동부,-,-,-,-,-,-,-,-,-,-,-,-,558,10,809,391,3,574,74,2,80,212,1,310,-,-,-,77,1,102
제주경찰청,서귀포,-,-,-,4,2,2,1,0,2,8,0,14,551,5,790,493,4,796,21,1,24,121,1,207,-,-,-,49,1,58
제주경찰청,제주서부,-,-,-,1,0,1,-,-,-,-,-,-,666,10,982,481,5,768,63,0,66,204,7,348,-,-,-,64,0,88
,,,,,,,,,,,,,,,,,,,,,,,,,,,,,,,
